date,year,month,month_number,year_number,total_arr,_comment_headcount,engineering_headcount,product_headcount,sales_headcount,marketing_headcount,customer_success_headcount,g_and_a_headcount,compliance_experts_headcount,total_headcount,_comment_base_salary,_comment_benefits,_comment_payroll_tax,_comment_bonus,_comment_equity,_comment_total_comp,engineering_base_salary,engineering_benefits,engineering_payroll_tax,engineering_bonus,engineering_equity,engineering_total_comp,product_base_salary,product_benefits,product_payroll_tax,product_bonus,product_equity,product_total_comp,sales_base_salary,sales_benefits,sales_payroll_tax,sales_bonus,sales_equity,sales_total_comp,marketing_base_salary,marketing_benefits,marketing_payroll_tax,marketing_bonus,marketing_equity,marketing_total_comp,customer_success_base_salary,customer_success_benefits,customer_success_payroll_tax,customer_success_bonus,customer_success_equity,customer_success_total_comp,g_and_a_base_salary,g_and_a_benefits,g_and_a_payroll_tax,g_and_a_bonus,g_and_a_equity,g_and_a_total_comp,compliance_experts_base_salary,compliance_experts_benefits,compliance_experts_payroll_tax,compliance_experts_bonus,compliance_experts_equity,compliance_experts_total_comp,total_base_salary,total_benefits,total_payroll_tax,total_bonus,total_equity,total_compensation,cogs__comment,cogs_cloud_hosting,cogs_customer_support,cogs_third_party_apis,cogs_professional_services,total_cogs,marketing__comment,marketing_paid_advertising,marketing_content_creation,marketing_events_and_pr,marketing_partner_marketing,total_marketing_expenses,sales__comment,sales_commission_rate,sales_tools_and_enablement,total_sales_expenses,r_and_d__comment,r_and_d_cloud_compute_for_training,r_and_d_research_tools_and_data,r_and_d_third_party_research,total_r_and_d_expenses,g_and_a__comment,g_and_a_office_and_facilities,g_and_a_per_employee_office_cost,g_and_a_software_and_tools,g_and_a_legal_and_accounting,g_and_a_insurance,total_g_and_a_expenses,one_time_expenses,total_expenses,total_operating_expenses,cogs_as_percent_of_arr,opex_as_percent_of_arr
2025-01-01,2025,1,1,1,398000.0,0.0,5.0,1.0,2.0,1.0,1.0,1.0,1.0,12.0,0.0,0.0,0.0,0.0,0.0,0.0,66666.66666666667,0.0,13333.333333333336,0.0,0.0,80000.0,15000.0,0.0,3000.0,0.0,0.0,18000.0,16666.666666666668,0.0,3333.333333333334,0.0,0.0,20000.0,11666.666666666666,0.0,2333.3333333333335,0.0,0.0,14000.0,10833.333333333334,0.0,2166.666666666667,0.0,0.0,13000.0,8333.333333333334,0.0,1666.666666666667,0.0,0.0,10000.0,15833.333333333334,0.0,3166.666666666667,0.0,0.0,19000.0,145000.0,0.0,29000.000000000007,0.0,0.0,174000.0,0.0,3316.6666666666665,1658.3333333333333,663.3333333333334,0.0,5638.333333333333,0.0,2653.3333333333335,995.0,3316.6666666666665,0.0,6965.0,0.0,3582.0,331.6666666666667,3913.6666666666665,0.0,0.0,1658.3333333333333,1990.0,3648.333333333333,0.0,6200.0,0.0,36000.0,1000.0,500.0,43700.0,0.0,237865.33333333334,232227.0,17.0,700.1819095477388
2025-02-01,2025,2,2,1,398000.0,0.0,5.0,1.0,2.0,1.0,1.0,1.0,1.0,12.0,0.0,0.0,0.0,0.0,0.0,0.0,66666.66666666667,0.0,13333.333333333336,0.0,0.0,80000.0,15000.0,0.0,3000.0,0.0,0.0,18000.0,16666.666666666668,0.0,3333.333333333334,0.0,0.0,20000.0,11666.666666666666,0.0,2333.3333333333335,0.0,0.0,14000.0,10833.333333333334,0.0,2166.666666666667,0.0,0.0,13000.0,8333.333333333334,0.0,1666.666666666667,0.0,0.0,10000.0,15833.333333333334,0.0,3166.666666666667,0.0,0.0,19000.0,145000.0,0.0,29000.000000000007,0.0,0.0,174000.0,0.0,3316.6666666666665,1658.3333333333333,663.3333333333334,0.0,5638.333333333333,0.0,2653.3333333333335,995.0,3316.6666666666665,0.0,6965.0,0.0,3582.0,331.6666666666667,3913.6666666666665,0.0,0.0,1658.3333333333333,1990.0,3648.333333333333,0.0,6200.0,0.0,36000.0,1000.0,500.0,43700.0,0.0,237865.33333333334,232227.0,17.0,700.1819095477388
2025-03-01,2025,3,3,1,398000.0,0.0,5.0,1.0,2.0,1.0,1.0,1.0,1.0,12.0,0.0,0.0,0.0,0.0,0.0,0.0,66666.66666666667,0.0,13333.333333333336,0.0,0.0,80000.0,15000.0,0.0,3000.0,0.0,0.0,18000.0,16666.666666666668,0.0,3333.333333333334,0.0,0.0,20000.0,11666.666666666666,0.0,2333.3333333333335,0.0,0.0,14000.0,10833.333333333334,0.0,2166.666666666667,0.0,0.0,13000.0,8333.333333333334,0.0,1666.666666666667,0.0,0.0,10000.0,15833.333333333334,0.0,3166.666666666667,0.0,0.0,19000.0,145000.0,0.0,29000.000000000007,0.0,0.0,174000.0,0.0,3316.6666666666665,1658.3333333333333,663.3333333333334,0.0,5638.333333333333,0.0,2653.3333333333335,995.0,3316.6666666666665,0.0,6965.0,0.0,3582.0,331.6666666666667,3913.6666666666665,0.0,0.0,1658.3333333333333,1990.0,3648.333333333333,0.0,6200.0,0.0,36000.0,1000.0,500.0,43700.0,0.0,237865.33333333334,232227.0,17.0,700.1819095477388
2025-04-01,2025,4,4,1,648000.0,0.0,5.0,1.0,2.0,1.0,1.0,1.0,1.0,12.0,0.0,0.0,0.0,0.0,0.0,0.0,66666.66666666667,0.0,13333.333333333336,0.0,0.0,80000.0,15000.0,0.0,3000.0,0.0,0.0,18000.0,16666.666666666668,0.0,3333.333333333334,0.0,0.0,20000.0,11666.666666666666,0.0,2333.3333333333335,0.0,0.0,14000.0,10833.333333333334,0.0,2166.666666666667,0.0,0.0,13000.0,8333.333333333334,0.0,1666.666666666667,0.0,0.0,10000.0,15833.333333333334,0.0,3166.666666666667,0.0,0.0,19000.0,145000.0,0.0,29000.000000000007,0.0,0.0,174000.0,0.0,5400.0,2700.0,1080.0,0.0,9180.0,0.0,4320.0,1620.0,5400.0,0.0,11340.0,0.0,5832.0,540.0,6372.0,0.0,0.0,2700.0,3240.0,5940.0,0.0,6200.0,0.0,36000.0,1000.0,500.0,43700.0,0.0,250532.0,241352.0,17.0,446.94814814814816
2025-05-01,2025,5,5,1,648000.0,0.0,5.0,1.0,2.0,1.0,1.0,1.0,1.0,12.0,0.0,0.0,0.0,0.0,0.0,0.0,66666.66666666667,0.0,13333.333333333336,0.0,0.0,80000.0,15000.0,0.0,3000.0,0.0,0.0,18000.0,16666.666666666668,0.0,3333.333333333334,0.0,0.0,20000.0,11666.666666666666,0.0,2333.3333333333335,0.0,0.0,14000.0,10833.333333333334,0.0,2166.666666666667,0.0,0.0,13000.0,8333.333333333334,0.0,1666.666666666667,0.0,0.0,10000.0,15833.333333333334,0.0,3166.666666666667,0.0,0.0,19000.0,145000.0,0.0,29000.000000000007,0.0,0.0,174000.0,0.0,5400.0,2700.0,1080.0,0.0,9180.0,0.0,4320.0,1620.0,5400.0,0.0,11340.0,0.0,5832.0,540.0,6372.0,0.0,0.0,2700.0,3240.0,5940.0,0.0,6200.0,0.0,36000.0,1000.0,500.0,43700.0,60000.0,310532.0,301352.0,17.0,558.0592592592593
2025-06-01,2025,6,6,1,648000.0,0.0,5.0,1.0,2.0,1.0,1.0,1.0,1.0,12.0,0.0,0.0,0.0,0.0,0.0,0.0,66666.66666666667,0.0,13333.333333333336,0.0,0.0,80000.0,15000.0,0.0,3000.0,0.0,0.0,18000.0,16666.666666666668,0.0,3333.333333333334,0.0,0.0,20000.0,11666.666666666666,0.0,2333.3333333333335,0.0,0.0,14000.0,10833.333333333334,0.0,2166.666666666667,0.0,0.0,13000.0,8333.333333333334,0.0,1666.666666666667,0.0,0.0,10000.0,15833.333333333334,0.0,3166.666666666667,0.0,0.0,19000.0,145000.0,0.0,29000.000000000007,0.0,0.0,174000.0,0.0,5400.0,2700.0,1080.0,0.0,9180.0,0.0,4320.0,1620.0,5400.0,0.0,11340.0,0.0,5832.0,540.0,6372.0,0.0,0.0,2700.0,3240.0,5940.0,0.0,6200.0,0.0,36000.0,1000.0,500.0,43700.0,0.0,250532.0,241352.0,17.0,446.94814814814816
2025-07-01,2025,7,7,1,648000.0,0.0,5.0,1.0,2.0,1.0,1.0,1.0,1.0,12.0,0.0,0.0,0.0,0.0,0.0,0.0,66666.66666666667,0.0,13333.333333333336,0.0,0.0,80000.0,15000.0,0.0,3000.0,0.0,0.0,18000.0,16666.666666666668,0.0,3333.333333333334,0.0,0.0,20000.0,11666.666666666666,0.0,2333.3333333333335,0.0,0.0,14000.0,10833.333333333334,0.0,2166.666666666667,0.0,0.0,13000.0,8333.333333333334,0.0,1666.666666666667,0.0,0.0,10000.0,15833.333333333334,0.0,3166.666666666667,0.0,0.0,19000.0,145000.0,0.0,29000.000000000007,0.0,0.0,174000.0,0.0,5400.0,2700.0,1080.0,0.0,9180.0,0.0,4320.0,1620.0,5400.0,0.0,11340.0,0.0,5832.0,540.0,6372.0,0.0,0.0,2700.0,3240.0,5940.0,0.0,6200.0,0.0,36000.0,1000.0,500.0,43700.0,0.0,250532.0,241352.0,17.0,446.94814814814816
2025-08-01,2025,8,8,1,648000.0,0.0,5.0,1.0,2.0,1.0,1.0,1.0,1.0,12.0,0.0,0.0,0.0,0.0,0.0,0.0,66666.66666666667,0.0,13333.333333333336,0.0,0.0,80000.0,15000.0,0.0,3000.0,0.0,0.0,18000.0,16666.666666666668,0.0,3333.333333333334,0.0,0.0,20000.0,11666.666666666666,0.0,2333.3333333333335,0.0,0.0,14000.0,10833.333333333334,0.0,2166.666666666667,0.0,0.0,13000.0,8333.333333333334,0.0,1666.666666666667,0.0,0.0,10000.0,15833.333333333334,0.0,3166.666666666667,0.0,0.0,19000.0,145000.0,0.0,29000.000000000007,0.0,0.0,174000.0,0.0,5400.0,2700.0,1080.0,0.0,9180.0,0.0,4320.0,1620.0,5400.0,0.0,11340.0,0.0,5832.0,540.0,6372.0,0.0,0.0,2700.0,3240.0,5940.0,0.0,6200.0,0.0,36000.0,1000.0,500.0,43700.0,0.0,250532.0,241352.0,17.0,446.94814814814816
2025-09-01,2025,9,9,1,898000.0,0.0,5.0,1.0,2.0,1.0,1.0,1.0,1.0,12.0,0.0,0.0,0.0,0.0,0.0,0.0,66666.66666666667,0.0,13333.333333333336,0.0,0.0,80000.0,15000.0,0.0,3000.0,0.0,0.0,18000.0,16666.666666666668,0.0,3333.333333333334,0.0,0.0,20000.0,11666.666666666666,0.0,2333.3333333333335,0.0,0.0,14000.0,10833.333333333334,0.0,2166.666666666667,0.0,0.0,13000.0,8333.333333333334,0.0,1666.666666666667,0.0,0.0,10000.0,15833.333333333334,0.0,3166.666666666667,0.0,0.0,19000.0,145000.0,0.0,29000.000000000007,0.0,0.0,174000.0,0.0,7483.333333333333,3741.6666666666665,1496.6666666666667,0.0,12721.666666666666,0.0,5986.666666666667,2245.0,7483.333333333333,0.0,15715.0,0.0,8082.0,748.3333333333334,8830.333333333334,0.0,0.0,3741.6666666666665,4490.0,8231.666666666666,0.0,6200.0,0.0,36000.0,1000.0,500.0,43700.0,0.0,263198.6666666667,250477.0,17.0,334.713140311804
2025-10-01,2025,10,10,1,1148000.0,0.0,5.0,1.0,2.0,1.0,1.0,1.0,1.0,12.0,0.0,0.0,0.0,0.0,0.0,0.0,66666.66666666667,0.0,13333.333333333336,0.0,0.0,80000.0,15000.0,0.0,3000.0,0.0,0.0,18000.0,16666.666666666668,0.0,3333.333333333334,0.0,0.0,20000.0,11666.666666666666,0.0,2333.3333333333335,0.0,0.0,14000.0,10833.333333333334,0.0,2166.666666666667,0.0,0.0,13000.0,8333.333333333334,0.0,1666.666666666667,0.0,0.0,10000.0,15833.333333333334,0.0,3166.666666666667,0.0,0.0,19000.0,145000.0,0.0,29000.000000000007,0.0,0.0,174000.0,0.0,9566.666666666666,4783.333333333333,1913.3333333333333,0.0,16263.333333333334,0.0,7653.333333333333,2870.0,9566.666666666666,0.0,20090.0,0.0,10332.0,956.6666666666666,11288.666666666666,0.0,0.0,4783.333333333333,5740.0,10523.333333333332,0.0,6200.0,0.0,36000.0,1000.0,500.0,43700.0,0.0,275865.3333333333,259602.0,17.0,271.3609756097561
2025-11-01,2025,11,11,1,1398000.0,0.0,5.0,1.0,2.0,1.0,1.0,1.0,1.0,12.0,0.0,0.0,0.0,0.0,0.0,0.0,66666.66666666667,0.0,13333.333333333336,0.0,0.0,80000.0,15000.0,0.0,3000.0,0.0,0.0,18000.0,16666.666666666668,0.0,3333.333333333334,0.0,0.0,20000.0,11666.666666666666,0.0,2333.3333333333335,0.0,0.0,14000.0,10833.333333333334,0.0,2166.666666666667,0.0,0.0,13000.0,8333.333333333334,0.0,1666.666666666667,0.0,0.0,10000.0,15833.333333333334,0.0,3166.666666666667,0.0,0.0,19000.0,145000.0,0.0,29000.000000000007,0.0,0.0,174000.0,0.0,11650.0,5825.0,2330.0,0.0,19805.0,0.0,9320.0,3495.0,11650.0,0.0,24465.0,0.0,12582.0,1165.0,13747.0,0.0,0.0,5825.0,6990.0,12815.0,0.0,6200.0,0.0,36000.0,1000.0,500.0,43700.0,10000.0,298532.0,278727.0,17.0,239.25064377682403
2025-12-01,2025,12,12,1,1648000.0,0.0,5.0,1.0,2.0,1.0,1.0,1.0,1.0,12.0,0.0,0.0,0.0,0.0,0.0,0.0,66666.66666666667,0.0,13333.333333333336,0.0,0.0,80000.0,15000.0,0.0,3000.0,0.0,0.0,18000.0,16666.666666666668,0.0,3333.333333333334,0.0,0.0,20000.0,11666.666666666666,0.0,2333.3333333333335,0.0,0.0,14000.0,10833.333333333334,0.0,2166.666666666667,0.0,0.0,13000.0,8333.333333333334,0.0,1666.666666666667,0.0,0.0,10000.0,15833.333333333334,0.0,3166.666666666667,0.0,0.0,19000.0,145000.0,0.0,29000.000000000007,0.0,0.0,174000.0,0.0,13733.333333333334,6866.666666666667,2746.6666666666665,0.0,23346.666666666668,0.0,10986.666666666666,4120.0,13733.333333333334,0.0,28840.0,0.0,14832.0,1373.3333333333333,16205.333333333334,0.0,0.0,6866.666666666667,8240.0,15106.666666666668,0.0,6200.0,0.0,36000.0,1000.0,500.0,43700.0,0.0,301198.6666666667,277852.0,17.0,202.31941747572813
2026-01-01,2026,1,13,2,1776320.0,0.0,9.0,1.5,4.0,2.0,2.0,1.5,1.7,21.7,0.0,0.0,0.0,0.0,0.0,0.0,126000.0,0.0,25200.0,0.0,0.0,151200.0,23625.0,0.0,4725.0,0.0,0.0,28350.0,35000.0,0.0,7000.0,0.0,0.0,42000.0,24500.0,0.0,4900.0,0.0,0.0,29400.0,22750.0,0.0,4550.0,0.0,0.0,27300.0,13125.0,0.0,2625.0,0.0,0.0,15750.0,28262.5,0.0,5652.5,0.0,0.0,33915.0,273262.5,0.0,54652.5,0.0,0.0,327915.0,0.0,14802.666666666666,7401.333333333333,2960.5333333333333,0.0,25164.533333333333,0.0,10065.813333333334,3774.68,12582.266666666665,0.0,26422.76,0.0,15986.88,1480.2666666666667,17467.146666666667,0.0,0.0,7401.333333333333,8881.6,16282.933333333334,0.0,7170.0,0.0,65100.0,1000.0,500.0,73770.0,0.0,487022.37333333335,461857.84,17.0,312.00989010989014
2026-02-01,2026,2,14,2,1776320.0,0.0,9.0,1.5,4.0,2.0,2.0,1.5,1.7,21.7,0.0,0.0,0.0,0.0,0.0,0.0,126000.0,0.0,25200.0,0.0,0.0,151200.0,23625.0,0.0,4725.0,0.0,0.0,28350.0,35000.0,0.0,7000.0,0.0,0.0,42000.0,24500.0,0.0,4900.0,0.0,0.0,29400.0,22750.0,0.0,4550.0,0.0,0.0,27300.0,13125.0,0.0,2625.0,0.0,0.0,15750.0,28262.5,0.0,5652.5,0.0,0.0,33915.0,273262.5,0.0,54652.5,0.0,0.0,327915.0,0.0,14802.666666666666,7401.333333333333,2960.5333333333333,0.0,25164.533333333333,0.0,10065.813333333334,3774.68,12582.266666666665,0.0,26422.76,0.0,15986.88,1480.2666666666667,17467.146666666667,0.0,0.0,7401.333333333333,8881.6,16282.933333333334,0.0,7170.0,0.0,65100.0,1000.0,500.0,73770.0,0.0,487022.37333333335,461857.84,17.0,312.00989010989014
2026-03-01,2026,3,15,2,1903520.0,0.0,9.0,1.5,4.0,2.0,2.0,1.5,1.7,21.7,0.0,0.0,0.0,0.0,0.0,0.0,126000.0,0.0,25200.0,0.0,0.0,151200.0,23625.0,0.0,4725.0,0.0,0.0,28350.0,35000.0,0.0,7000.0,0.0,0.0,42000.0,24500.0,0.0,4900.0,0.0,0.0,29400.0,22750.0,0.0,4550.0,0.0,0.0,27300.0,13125.0,0.0,2625.0,0.0,0.0,15750.0,28262.5,0.0,5652.5,0.0,0.0,33915.0,273262.5,0.0,54652.5,0.0,0.0,327915.0,0.0,15862.666666666666,7931.333333333333,3172.5333333333333,0.0,26966.533333333333,0.0,10786.613333333333,4044.9799999999996,13483.266666666665,0.0,28314.859999999997,0.0,17131.68,1586.2666666666667,18717.946666666667,0.0,0.0,7931.333333333333,9517.6,17448.933333333334,0.0,7170.0,0.0,65100.0,1000.0,500.0,73770.0,0.0,493133.2733333333,466166.74,17.0,293.8766537782634
2026-04-01,2026,4,16,2,2300720.0,0.0,9.0,1.5,4.0,2.0,2.0,1.5,1.7,21.7,0.0,0.0,0.0,0.0,0.0,0.0,126000.0,0.0,25200.0,0.0,0.0,151200.0,23625.0,0.0,4725.0,0.0,0.0,28350.0,35000.0,0.0,7000.0,0.0,0.0,42000.0,24500.0,0.0,4900.0,0.0,0.0,29400.0,22750.0,0.0,4550.0,0.0,0.0,27300.0,13125.0,0.0,2625.0,0.0,0.0,15750.0,28262.5,0.0,5652.5,0.0,0.0,33915.0,273262.5,0.0,54652.5,0.0,0.0,327915.0,0.0,19172.666666666668,9586.333333333334,3834.5333333333333,0.0,32593.533333333333,0.0,13037.413333333332,4889.03,16296.766666666665,0.0,34223.21,0.0,20706.48,1917.2666666666667,22623.746666666666,0.0,0.0,9586.333333333334,11503.599999999999,21089.933333333334,0.0,7170.0,0.0,65100.0,1000.0,500.0,73770.0,0.0,512215.42333333334,479621.89,17.0,250.1591971209013
2026-05-01,2026,5,17,2,2825120.0,0.0,9.0,1.5,4.0,2.0,2.0,1.5,1.7,21.7,0.0,0.0,0.0,0.0,0.0,0.0,126000.0,0.0,25200.0,0.0,0.0,151200.0,23625.0,0.0,4725.0,0.0,0.0,28350.0,35000.0,0.0,7000.0,0.0,0.0,42000.0,24500.0,0.0,4900.0,0.0,0.0,29400.0,22750.0,0.0,4550.0,0.0,0.0,27300.0,13125.0,0.0,2625.0,0.0,0.0,15750.0,28262.5,0.0,5652.5,0.0,0.0,33915.0,273262.5,0.0,54652.5,0.0,0.0,327915.0,0.0,23542.666666666668,11771.333333333334,4708.533333333334,0.0,40022.53333333333,0.0,16009.013333333334,6003.38,20011.266666666666,0.0,42023.66,0.0,25426.079999999998,2354.266666666667,27780.346666666665,0.0,0.0,11771.333333333334,14125.599999999999,25896.933333333334,0.0,7170.0,0.0,65100.0,1000.0,500.0,73770.0,0.0,537408.4733333334,497385.94000000006,17.0,211.270009061562
2026-06-01,2026,6,18,2,3349520.0,0.0,9.0,1.5,4.0,2.0,2.0,1.5,1.7,21.7,0.0,0.0,0.0,0.0,0.0,0.0,126000.0,0.0,25200.0,0.0,0.0,151200.0,23625.0,0.0,4725.0,0.0,0.0,28350.0,35000.0,0.0,7000.0,0.0,0.0,42000.0,24500.0,0.0,4900.0,0.0,0.0,29400.0,22750.0,0.0,4550.0,0.0,0.0,27300.0,13125.0,0.0,2625.0,0.0,0.0,15750.0,28262.5,0.0,5652.5,0.0,0.0,33915.0,273262.5,0.0,54652.5,0.0,0.0,327915.0,0.0,27912.666666666668,13956.333333333334,5582.533333333333,0.0,47451.53333333333,0.0,18980.61333333333,7117.73,23725.766666666666,0.0,49824.11,0.0,30145.68,2791.2666666666664,32936.94666666667,0.0,0.0,13956.333333333334,16747.6,30703.933333333334,0.0,7170.0,0.0,65100.0,1000.0,500.0,73770.0,0.0,562601.5233333333,515149.99,17.0,184.55778380185816
2026-07-01,2026,7,19,2,3873920.0,0.0,9.0,1.5,4.0,2.0,2.0,1.5,1.7,21.7,0.0,0.0,0.0,0.0,0.0,0.0,126000.0,0.0,25200.0,0.0,0.0,151200.0,23625.0,0.0,4725.0,0.0,0.0,28350.0,35000.0,0.0,7000.0,0.0,0.0,42000.0,24500.0,0.0,4900.0,0.0,0.0,29400.0,22750.0,0.0,4550.0,0.0,0.0,27300.0,13125.0,0.0,2625.0,0.0,0.0,15750.0,28262.5,0.0,5652.5,0.0,0.0,33915.0,273262.5,0.0,54652.5,0.0,0.0,327915.0,0.0,32282.666666666668,16141.333333333334,6456.533333333334,0.0,54880.53333333333,0.0,21952.213333333333,8232.08,27440.266666666666,0.0,57624.56,0.0,34865.28,3228.266666666667,38093.54666666667,0.0,0.0,16141.333333333334,19369.6,35510.933333333334,0.0,7170.0,0.0,65100.0,1000.0,500.0,73770.0,0.0,587794.5733333334,532914.04,17.0,165.07745332892782
2026-08-01,2026,8,20,2,4398320.0,0.0,9.0,1.5,4.0,2.0,2.0,1.5,1.7,21.7,0.0,0.0,0.0,0.0,0.0,0.0,126000.0,0.0,25200.0,0.0,0.0,151200.0,23625.0,0.0,4725.0,0.0,0.0,28350.0,35000.0,0.0,7000.0,0.0,0.0,42000.0,24500.0,0.0,4900.0,0.0,0.0,29400.0,22750.0,0.0,4550.0,0.0,0.0,27300.0,13125.0,0.0,2625.0,0.0,0.0,15750.0,28262.5,0.0,5652.5,0.0,0.0,33915.0,273262.5,0.0,54652.5,0.0,0.0,327915.0,0.0,36652.666666666664,18326.333333333332,7330.533333333334,0.0,62309.53333333333,0.0,24923.813333333335,9346.43,31154.766666666666,0.0,65425.009999999995,0.0,39584.88,3665.266666666667,43250.14666666667,0.0,0.0,18326.333333333332,21991.600000000002,40317.933333333334,0.0,7170.0,0.0,65100.0,1000.0,500.0,73770.0,0.0,612987.6233333334,550678.0900000001,17.0,150.24229887775334
2026-09-01,2026,9,21,2,5064480.0,0.0,9.0,1.5,4.0,2.0,2.0,1.5,1.7,21.7,0.0,0.0,0.0,0.0,0.0,0.0,126000.0,0.0,25200.0,0.0,0.0,151200.0,23625.0,0.0,4725.0,0.0,0.0,28350.0,35000.0,0.0,7000.0,0.0,0.0,42000.0,24500.0,0.0,4900.0,0.0,0.0,29400.0,22750.0,0.0,4550.0,0.0,0.0,27300.0,13125.0,0.0,2625.0,0.0,0.0,15750.0,28262.5,0.0,5652.5,0.0,0.0,33915.0,273262.5,0.0,54652.5,0.0,0.0,327915.0,0.0,42204.0,21102.0,8440.800000000001,0.0,71746.8,0.0,28698.72,10762.019999999999,35873.4,0.0,75334.14,0.0,45580.32,4220.400000000001,49800.72,0.0,0.0,21102.0,25322.399999999998,46424.399999999994,0.0,7170.0,0.0,65100.0,1000.0,500.0,73770.0,0.0,644991.06,573244.26,17.0,135.82699744100086
2026-10-01,2026,10,22,2,5857840.0,0.0,9.0,1.5,4.0,2.0,2.0,1.5,1.7,21.7,0.0,0.0,0.0,0.0,0.0,0.0,126000.0,0.0,25200.0,0.0,0.0,151200.0,23625.0,0.0,4725.0,0.0,0.0,28350.0,35000.0,0.0,7000.0,0.0,0.0,42000.0,24500.0,0.0,4900.0,0.0,0.0,29400.0,22750.0,0.0,4550.0,0.0,0.0,27300.0,13125.0,0.0,2625.0,0.0,0.0,15750.0,28262.5,0.0,5652.5,0.0,0.0,33915.0,273262.5,0.0,54652.5,0.0,0.0,327915.0,0.0,48815.333333333336,24407.666666666668,9763.066666666668,0.0,82986.06666666667,0.0,33194.426666666666,12447.909999999998,41493.03333333333,0.0,87135.37,0.0,52720.56,4881.533333333334,57602.09333333333,0.0,0.0,24407.666666666668,29289.199999999997,53696.86666666667,0.0,7170.0,0.0,65100.0,1000.0,500.0,73770.0,0.0,683105.3966666666,600119.33,17.0,122.93664490665502
2026-11-01,2026,11,23,2,6651200.0,0.0,9.0,1.5,4.0,2.0,2.0,1.5,1.7,21.7,0.0,0.0,0.0,0.0,0.0,0.0,126000.0,0.0,25200.0,0.0,0.0,151200.0,23625.0,0.0,4725.0,0.0,0.0,28350.0,35000.0,0.0,7000.0,0.0,0.0,42000.0,24500.0,0.0,4900.0,0.0,0.0,29400.0,22750.0,0.0,4550.0,0.0,0.0,27300.0,13125.0,0.0,2625.0,0.0,0.0,15750.0,28262.5,0.0,5652.5,0.0,0.0,33915.0,273262.5,0.0,54652.5,0.0,0.0,327915.0,0.0,55426.666666666664,27713.333333333332,11085.333333333334,0.0,94225.33333333333,0.0,37690.13333333333,14133.800000000001,47112.666666666664,0.0,98936.6,0.0,59860.799999999996,5542.666666666667,65403.46666666666,0.0,0.0,27713.333333333332,33256.0,60969.33333333333,0.0,7170.0,0.0,65100.0,1000.0,500.0,73770.0,0.0,721219.7333333334,626994.4,17.0,113.1214337262449
2026-12-01,2026,12,24,2,7444560.0,0.0,9.0,1.5,4.0,2.0,2.0,1.5,1.7,21.7,0.0,0.0,0.0,0.0,0.0,0.0,126000.0,0.0,25200.0,0.0,0.0,151200.0,23625.0,0.0,4725.0,0.0,0.0,28350.0,35000.0,0.0,7000.0,0.0,0.0,42000.0,24500.0,0.0,4900.0,0.0,0.0,29400.0,22750.0,0.0,4550.0,0.0,0.0,27300.0,13125.0,0.0,2625.0,0.0,0.0,15750.0,28262.5,0.0,5652.5,0.0,0.0,33915.0,273262.5,0.0,54652.5,0.0,0.0,327915.0,0.0,62038.0,31019.0,12407.6,0.0,105464.6,0.0,42185.840000000004,15819.69,52732.299999999996,0.0,110737.83,0.0,67001.04,6203.8,73204.84,0.0,0.0,31019.0,37222.799999999996,68241.79999999999,0.0,7170.0,0.0,65100.0,1000.0,500.0,73770.0,0.0,759334.07,653869.47,17.0,105.3982188336181
2027-01-01,2027,1,25,3,7970486.4,0.0,13.5,1.9500000000000002,6.8,3.0,3.6,1.9500000000000002,2.21,33.01,0.0,0.0,0.0,0.0,0.0,0.0,198450.0,0.0,39690.0,0.0,0.0,238140.0,32248.125000000004,0.0,6449.625000000001,0.0,0.0,38697.75000000001,62475.0,0.0,12495.0,0.0,0.0,74970.0,38587.5,0.0,7717.5,0.0,0.0,46305.0,42997.5,0.0,8599.5,0.0,0.0,51597.0,17915.625000000004,0.0,3583.125000000001,0.0,0.0,21498.750000000004,38578.3125,0.0,7715.6625,0.0,0.0,46293.975,431252.0625,0.0,86250.4125,0.0,0.0,517502.475,0.0,66420.72000000002,33210.36000000001,13284.144,0.0,112915.22400000002,0.0,39852.432,14944.662000000002,49815.54000000001,0.0,104612.63400000002,0.0,71734.3776,6642.072,78376.4496,0.0,0.0,33210.36000000001,39852.432,73062.79200000002,0.0,8301.0,0.0,99030.0,1000.0,500.0,108831.0,0.0,995300.5746,882385.3506,17.0,132.84790508142638
2027-02-01,2027,2,26,3,7970486.4,0.0,13.5,1.9500000000000002,6.8,3.0,3.6,1.9500000000000002,2.21,33.01,0.0,0.0,0.0,0.0,0.0,0.0,198450.0,0.0,39690.0,0.0,0.0,238140.0,32248.125000000004,0.0,6449.625000000001,0.0,0.0,38697.75000000001,62475.0,0.0,12495.0,0.0,0.0,74970.0,38587.5,0.0,7717.5,0.0,0.0,46305.0,42997.5,0.0,8599.5,0.0,0.0,51597.0,17915.625000000004,0.0,3583.125000000001,0.0,0.0,21498.750000000004,38578.3125,0.0,7715.6625,0.0,0.0,46293.975,431252.0625,0.0,86250.4125,0.0,0.0,517502.475,0.0,66420.72000000002,33210.36000000001,13284.144,0.0,112915.22400000002,0.0,39852.432,14944.662000000002,49815.54000000001,0.0,104612.63400000002,0.0,71734.3776,6642.072,78376.4496,0.0,0.0,33210.36000000001,39852.432,73062.79200000002,0.0,8301.0,0.0,99030.0,1000.0,500.0,108831.0,0.0,995300.5746,882385.3506,17.0,132.84790508142638
2027-03-01,2027,3,27,3,7970486.4,0.0,13.5,1.9500000000000002,6.8,3.0,3.6,1.9500000000000002,2.21,33.01,0.0,0.0,0.0,0.0,0.0,0.0,198450.0,0.0,39690.0,0.0,0.0,238140.0,32248.125000000004,0.0,6449.625000000001,0.0,0.0,38697.75000000001,62475.0,0.0,12495.0,0.0,0.0,74970.0,38587.5,0.0,7717.5,0.0,0.0,46305.0,42997.5,0.0,8599.5,0.0,0.0,51597.0,17915.625000000004,0.0,3583.125000000001,0.0,0.0,21498.750000000004,38578.3125,0.0,7715.6625,0.0,0.0,46293.975,431252.0625,0.0,86250.4125,0.0,0.0,517502.475,0.0,66420.72000000002,33210.36000000001,13284.144,0.0,112915.22400000002,0.0,39852.432,14944.662000000002,49815.54000000001,0.0,104612.63400000002,0.0,71734.3776,6642.072,78376.4496,0.0,0.0,33210.36000000001,39852.432,73062.79200000002,0.0,8301.0,0.0,99030.0,1000.0,500.0,108831.0,0.0,995300.5746,882385.3506,17.0,132.84790508142638
2027-04-01,2027,4,28,3,8120460.8,0.0,13.5,1.9500000000000002,6.8,3.0,3.6,1.9500000000000002,2.21,33.01,0.0,0.0,0.0,0.0,0.0,0.0,198450.0,0.0,39690.0,0.0,0.0,238140.0,32248.125000000004,0.0,6449.625000000001,0.0,0.0,38697.75000000001,62475.0,0.0,12495.0,0.0,0.0,74970.0,38587.5,0.0,7717.5,0.0,0.0,46305.0,42997.5,0.0,8599.5,0.0,0.0,51597.0,17915.625000000004,0.0,3583.125000000001,0.0,0.0,21498.750000000004,38578.3125,0.0,7715.6625,0.0,0.0,46293.975,431252.0625,0.0,86250.4125,0.0,0.0,517502.475,0.0,67670.50666666667,33835.253333333334,13534.101333333332,0.0,115039.86133333333,0.0,40602.304,15225.864,50752.880000000005,0.0,106581.04800000001,0.0,73084.1472,6767.050666666666,79851.19786666667,0.0,0.0,33835.253333333334,40602.304,74437.55733333333,0.0,8301.0,0.0,99030.0,1000.0,500.0,108831.0,0.0,1002243.1395333334,887203.2782000001,17.0,131.10634483205683
2027-05-01,2027,5,29,3,8420409.6,0.0,13.5,1.9500000000000002,6.8,3.0,3.6,1.9500000000000002,2.21,33.01,0.0,0.0,0.0,0.0,0.0,0.0,198450.0,0.0,39690.0,0.0,0.0,238140.0,32248.125000000004,0.0,6449.625000000001,0.0,0.0,38697.75000000001,62475.0,0.0,12495.0,0.0,0.0,74970.0,38587.5,0.0,7717.5,0.0,0.0,46305.0,42997.5,0.0,8599.5,0.0,0.0,51597.0,17915.625000000004,0.0,3583.125000000001,0.0,0.0,21498.750000000004,38578.3125,0.0,7715.6625,0.0,0.0,46293.975,431252.0625,0.0,86250.4125,0.0,0.0,517502.475,0.0,70170.08,35085.04,14034.016000000001,0.0,119289.136,0.0,42102.048,15788.267999999998,52627.56,0.0,110517.87599999999,0.0,75783.68639999999,7017.008000000001,82800.6944,0.0,0.0,35085.04,42102.047999999995,77187.08799999999,0.0,8301.0,0.0,99030.0,1000.0,500.0,108831.0,0.0,1016128.2694000001,896839.1334,17.0,127.8093360303993
2027-06-01,2027,6,30,3,8855190.4,0.0,13.5,1.9500000000000002,6.8,3.0,3.6,1.9500000000000002,2.21,33.01,0.0,0.0,0.0,0.0,0.0,0.0,198450.0,0.0,39690.0,0.0,0.0,238140.0,32248.125000000004,0.0,6449.625000000001,0.0,0.0,38697.75000000001,62475.0,0.0,12495.0,0.0,0.0,74970.0,38587.5,0.0,7717.5,0.0,0.0,46305.0,42997.5,0.0,8599.5,0.0,0.0,51597.0,17915.625000000004,0.0,3583.125000000001,0.0,0.0,21498.750000000004,38578.3125,0.0,7715.6625,0.0,0.0,46293.975,431252.0625,0.0,86250.4125,0.0,0.0,517502.475,0.0,73793.25333333334,36896.62666666667,14758.650666666668,0.0,125448.53066666667,0.0,44275.95200000001,16603.482,55344.94,0.0,116224.37400000001,0.0,79696.7136,7379.325333333334,87076.03893333333,0.0,0.0,36896.62666666667,44275.952,81172.57866666667,0.0,8301.0,0.0,99030.0,1000.0,500.0,108831.0,0.0,1036254.9972666666,910806.4665999999,17.0,123.42679384059319
2027-07-01,2027,7,31,3,9596713.6,0.0,13.5,1.9500000000000002,6.8,3.0,3.6,1.9500000000000002,2.21,33.01,0.0,0.0,0.0,0.0,0.0,0.0,198450.0,0.0,39690.0,0.0,0.0,238140.0,32248.125000000004,0.0,6449.625000000001,0.0,0.0,38697.75000000001,62475.0,0.0,12495.0,0.0,0.0,74970.0,38587.5,0.0,7717.5,0.0,0.0,46305.0,42997.5,0.0,8599.5,0.0,0.0,51597.0,17915.625000000004,0.0,3583.125000000001,0.0,0.0,21498.750000000004,38578.3125,0.0,7715.6625,0.0,0.0,46293.975,431252.0625,0.0,86250.4125,0.0,0.0,517502.475,0.0,79972.61333333333,39986.306666666664,15994.522666666666,0.0,135953.44266666664,0.0,47983.568,17993.838,59979.46,0.0,125956.86600000001,0.0,86370.4224,7997.261333333333,94367.68373333332,0.0,0.0,39986.306666666664,47983.568,87969.87466666667,0.0,8301.0,0.0,99030.0,1000.0,500.0,108831.0,0.0,1070581.3420666666,934627.8994,17.0,116.86849540659419
2027-08-01,2027,8,32,3,10473068.8,0.0,13.5,1.9500000000000002,6.8,3.0,3.6,1.9500000000000002,2.21,33.01,0.0,0.0,0.0,0.0,0.0,0.0,198450.0,0.0,39690.0,0.0,0.0,238140.0,32248.125000000004,0.0,6449.625000000001,0.0,0.0,38697.75000000001,62475.0,0.0,12495.0,0.0,0.0,74970.0,38587.5,0.0,7717.5,0.0,0.0,46305.0,42997.5,0.0,8599.5,0.0,0.0,51597.0,17915.625000000004,0.0,3583.125000000001,0.0,0.0,21498.750000000004,38578.3125,0.0,7715.6625,0.0,0.0,46293.975,431252.0625,0.0,86250.4125,0.0,0.0,517502.475,0.0,87275.57333333335,43637.786666666674,17455.11466666667,0.0,148368.47466666668,0.0,52365.344000000005,19637.004,65456.680000000015,0.0,137459.02800000002,0.0,94257.6192,8727.557333333334,102985.17653333333,0.0,0.0,43637.786666666674,52365.344000000005,96003.13066666668,0.0,8301.0,0.0,99030.0,1000.0,500.0,108831.0,0.0,1111149.2848666667,962780.8102000001,17.0,110.3150370061543
2027-09-01,2027,9,33,3,11499398.4,0.0,13.5,1.9500000000000002,6.8,3.0,3.6,1.9500000000000002,2.21,33.01,0.0,0.0,0.0,0.0,0.0,0.0,198450.0,0.0,39690.0,0.0,0.0,238140.0,32248.125000000004,0.0,6449.625000000001,0.0,0.0,38697.75000000001,62475.0,0.0,12495.0,0.0,0.0,74970.0,38587.5,0.0,7717.5,0.0,0.0,46305.0,42997.5,0.0,8599.5,0.0,0.0,51597.0,17915.625000000004,0.0,3583.125000000001,0.0,0.0,21498.750000000004,38578.3125,0.0,7715.6625,0.0,0.0,46293.975,431252.0625,0.0,86250.4125,0.0,0.0,517502.475,0.0,95828.32,47914.16,19165.664,0.0,162908.144,0.0,57496.992000000006,21561.372,71871.24,0.0,150929.604,0.0,103494.5856,9582.832,113077.4176,0.0,0.0,47914.16,57496.992,105411.152,0.0,8301.0,0.0,99030.0,1000.0,500.0,108831.0,0.0,1158659.7926,995751.6486,17.0,103.9099556999434
2027-10-01,2027,10,34,3,12825676.8,0.0,13.5,1.9500000000000002,6.8,3.0,3.6,1.9500000000000002,2.21,33.01,0.0,0.0,0.0,0.0,0.0,0.0,198450.0,0.0,39690.0,0.0,0.0,238140.0,32248.125000000004,0.0,6449.625000000001,0.0,0.0,38697.75000000001,62475.0,0.0,12495.0,0.0,0.0,74970.0,38587.5,0.0,7717.5,0.0,0.0,46305.0,42997.5,0.0,8599.5,0.0,0.0,51597.0,17915.625000000004,0.0,3583.125000000001,0.0,0.0,21498.750000000004,38578.3125,0.0,7715.6625,0.0,0.0,46293.975,431252.0625,0.0,86250.4125,0.0,0.0,517502.475,0.0,106880.64000000001,53440.32000000001,21376.128,0.0,181697.08800000002,0.0,64128.384,24048.144,80160.48000000001,0.0,168337.008,0.0,115431.09120000001,10688.064,126119.15520000001,0.0,0.0,53440.32000000001,64128.384,117568.704,0.0,8301.0,0.0,99030.0,1000.0,500.0,108831.0,0.0,1220055.4302,1038358.3422000001,17.0,97.1512092554835
2027-11-01,2027,11,35,3,14301929.6,0.0,13.5,1.9500000000000002,6.8,3.0,3.6,1.9500000000000002,2.21,33.01,0.0,0.0,0.0,0.0,0.0,0.0,198450.0,0.0,39690.0,0.0,0.0,238140.0,32248.125000000004,0.0,6449.625000000001,0.0,0.0,38697.75000000001,62475.0,0.0,12495.0,0.0,0.0,74970.0,38587.5,0.0,7717.5,0.0,0.0,46305.0,42997.5,0.0,8599.5,0.0,0.0,51597.0,17915.625000000004,0.0,3583.125000000001,0.0,0.0,21498.750000000004,38578.3125,0.0,7715.6625,0.0,0.0,46293.975,431252.0625,0.0,86250.4125,0.0,0.0,517502.475,0.0,119182.74666666666,59591.37333333333,23836.549333333332,0.0,202610.66933333332,0.0,71509.648,26816.118,89387.06,0.0,187712.826,0.0,128717.3664,11918.274666666666,140635.64106666666,0.0,0.0,59591.37333333333,71509.648,131101.02133333334,0.0,8301.0,0.0,99030.0,1000.0,500.0,108831.0,0.0,1288393.6327333334,1085782.9634,17.0,91.10236118628357
2027-12-01,2027,12,36,3,15763040.0,0.0,13.5,1.9500000000000002,6.8,3.0,3.6,1.9500000000000002,2.21,33.01,0.0,0.0,0.0,0.0,0.0,0.0,198450.0,0.0,39690.0,0.0,0.0,238140.0,32248.125000000004,0.0,6449.625000000001,0.0,0.0,38697.75000000001,62475.0,0.0,12495.0,0.0,0.0,74970.0,38587.5,0.0,7717.5,0.0,0.0,46305.0,42997.5,0.0,8599.5,0.0,0.0,51597.0,17915.625000000004,0.0,3583.125000000001,0.0,0.0,21498.750000000004,38578.3125,0.0,7715.6625,0.0,0.0,46293.975,431252.0625,0.0,86250.4125,0.0,0.0,517502.475,0.0,131358.66666666666,65679.33333333333,26271.733333333334,0.0,223309.73333333334,0.0,78815.2,29555.699999999997,98519.0,0.0,206889.9,0.0,141867.36,13135.866666666667,155003.22666666665,0.0,0.0,65679.33333333333,78815.2,144494.53333333333,0.0,8301.0,0.0,99030.0,1000.0,500.0,108831.0,0.0,1356030.8683333334,1132721.135,17.0,86.23116873394979
2028-01-01,2028,1,37,4,16819180.48,0.0,17.55,2.3400000000000003,10.2,3.9000000000000004,5.4,2.3400000000000003,2.6519999999999997,44.382000000000005,0.0,0.0,0.0,0.0,0.0,0.0,270884.25000000006,0.0,54176.85000000001,0.0,0.0,325061.1000000001,40632.63750000001,0.0,8126.527500000003,0.0,0.0,48759.165000000015,98398.125,0.0,19679.625,0.0,0.0,118077.75,52671.93750000001,0.0,10534.387500000003,0.0,0.0,63206.32500000001,67721.06250000001,0.0,13544.212500000003,0.0,0.0,81265.27500000002,22573.687500000004,0.0,4514.737500000001,0.0,0.0,27088.425000000003,48608.673749999994,0.0,9721.73475,0.0,0.0,58330.40849999999,601490.37375,0.0,120298.07475000003,0.0,0.0,721788.4485000002,0.0,140159.83733333336,70079.91866666668,28031.96746666667,0.0,238271.7234666667,0.0,78489.50890666667,29433.56584,98111.88613333333,0.0,206034.96088,0.0,151372.62432,14015.983733333334,165388.60805333333,0.0,0.0,70079.91866666668,84095.9024,154175.8210666667,0.0,9438.2,0.0,133146.00000000003,1000.0,500.0,144084.20000000004,0.0,1629743.7619666667,1391472.0385,17.000000000000004,99.27751522647316
2028-02-01,2028,2,38,4,16819180.48,0.0,17.55,2.3400000000000003,10.2,3.9000000000000004,5.4,2.3400000000000003,2.6519999999999997,44.382000000000005,0.0,0.0,0.0,0.0,0.0,0.0,270884.25000000006,0.0,54176.85000000001,0.0,0.0,325061.1000000001,40632.63750000001,0.0,8126.527500000003,0.0,0.0,48759.165000000015,98398.125,0.0,19679.625,0.0,0.0,118077.75,52671.93750000001,0.0,10534.387500000003,0.0,0.0,63206.32500000001,67721.06250000001,0.0,13544.212500000003,0.0,0.0,81265.27500000002,22573.687500000004,0.0,4514.737500000001,0.0,0.0,27088.425000000003,48608.673749999994,0.0,9721.73475,0.0,0.0,58330.40849999999,601490.37375,0.0,120298.07475000003,0.0,0.0,721788.4485000002,0.0,140159.83733333336,70079.91866666668,28031.96746666667,0.0,238271.7234666667,0.0,78489.50890666667,29433.56584,98111.88613333333,0.0,206034.96088,0.0,151372.62432,14015.983733333334,165388.60805333333,0.0,0.0,70079.91866666668,84095.9024,154175.8210666667,0.0,9438.2,0.0,133146.00000000003,1000.0,500.0,144084.20000000004,0.0,1629743.7619666667,1391472.0385,17.000000000000004,99.27751522647316
2028-03-01,2028,3,39,4,16977850.496,0.0,17.55,2.3400000000000003,10.2,3.9000000000000004,5.4,2.3400000000000003,2.6519999999999997,44.382000000000005,0.0,0.0,0.0,0.0,0.0,0.0,270884.25000000006,0.0,54176.85000000001,0.0,0.0,325061.1000000001,40632.63750000001,0.0,8126.527500000003,0.0,0.0,48759.165000000015,98398.125,0.0,19679.625,0.0,0.0,118077.75,52671.93750000001,0.0,10534.387500000003,0.0,0.0,63206.32500000001,67721.06250000001,0.0,13544.212500000003,0.0,0.0,81265.27500000002,22573.687500000004,0.0,4514.737500000001,0.0,0.0,27088.425000000003,48608.673749999994,0.0,9721.73475,0.0,0.0,58330.40849999999,601490.37375,0.0,120298.07475000003,0.0,0.0,721788.4485000002,0.0,141482.08746666668,70741.04373333334,28296.41749333333,0.0,240519.54869333334,0.0,79229.96898133332,29711.238367999995,99037.46122666665,0.0,207978.66857599997,0.0,152800.654464,14148.208746666665,166948.86321066666,0.0,0.0,70741.04373333334,84889.25248,155630.29621333332,0.0,9438.2,0.0,133146.00000000003,1000.0,500.0,144084.20000000004,0.0,1636950.0251933334,1396430.4765,17.0,98.70016067079874
2028-04-01,2028,4,40,4,17136520.512000002,0.0,17.55,2.3400000000000003,10.2,3.9000000000000004,5.4,2.3400000000000003,2.6519999999999997,44.382000000000005,0.0,0.0,0.0,0.0,0.0,0.0,270884.25000000006,0.0,54176.85000000001,0.0,0.0,325061.1000000001,40632.63750000001,0.0,8126.527500000003,0.0,0.0,48759.165000000015,98398.125,0.0,19679.625,0.0,0.0,118077.75,52671.93750000001,0.0,10534.387500000003,0.0,0.0,63206.32500000001,67721.06250000001,0.0,13544.212500000003,0.0,0.0,81265.27500000002,22573.687500000004,0.0,4514.737500000001,0.0,0.0,27088.425000000003,48608.673749999994,0.0,9721.73475,0.0,0.0,58330.40849999999,601490.37375,0.0,120298.07475000003,0.0,0.0,721788.4485000002,0.0,142804.33760000003,71402.16880000001,28560.867520000003,0.0,242767.37392000004,0.0,79970.42905600001,29988.910896,99963.03632000001,0.0,209922.37627200002,0.0,154228.684608,14280.433760000002,168509.11836800002,0.0,0.0,71402.16880000001,85682.60256000001,157084.77136,0.0,9438.2,0.0,133146.00000000003,1000.0,500.0,144084.20000000004,0.0,1644156.28842,1401388.9145000002,17.0,98.13349776708743
2028-05-01,2028,5,41,4,17469608.64,0.0,17.55,2.3400000000000003,10.2,3.9000000000000004,5.4,2.3400000000000003,2.6519999999999997,44.382000000000005,0.0,0.0,0.0,0.0,0.0,0.0,270884.25000000006,0.0,54176.85000000001,0.0,0.0,325061.1000000001,40632.63750000001,0.0,8126.527500000003,0.0,0.0,48759.165000000015,98398.125,0.0,19679.625,0.0,0.0,118077.75,52671.93750000001,0.0,10534.387500000003,0.0,0.0,63206.32500000001,67721.06250000001,0.0,13544.212500000003,0.0,0.0,81265.27500000002,22573.687500000004,0.0,4514.737500000001,0.0,0.0,27088.425000000003,48608.673749999994,0.0,9721.73475,0.0,0.0,58330.40849999999,601490.37375,0.0,120298.07475000003,0.0,0.0,721788.4485000002,0.0,145580.07200000001,72790.03600000001,29116.0144,0.0,247486.1224,0.0,81524.84032,30571.815119999996,101906.0504,0.0,214002.70584,0.0,157226.47776,14558.0072,171784.48496,0.0,0.0,72790.03600000001,87348.0432,160138.0792,0.0,9438.2,0.0,133146.00000000003,1000.0,500.0,144084.20000000004,0.0,1659284.0409000001,1411797.9185000001,17.0,96.97741587186466
2028-06-01,2028,6,42,4,17961366.783999998,0.0,17.55,2.3400000000000003,10.2,3.9000000000000004,5.4,2.3400000000000003,2.6519999999999997,44.382000000000005,0.0,0.0,0.0,0.0,0.0,0.0,270884.25000000006,0.0,54176.85000000001,0.0,0.0,325061.1000000001,40632.63750000001,0.0,8126.527500000003,0.0,0.0,48759.165000000015,98398.125,0.0,19679.625,0.0,0.0,118077.75,52671.93750000001,0.0,10534.387500000003,0.0,0.0,63206.32500000001,67721.06250000001,0.0,13544.212500000003,0.0,0.0,81265.27500000002,22573.687500000004,0.0,4514.737500000001,0.0,0.0,27088.425000000003,48608.673749999994,0.0,9721.73475,0.0,0.0,58330.40849999999,601490.37375,0.0,120298.07475000003,0.0,0.0,721788.4485000002,0.0,149678.05653333332,74839.02826666666,29935.611306666662,0.0,254452.69610666664,0.0,83819.71165866665,31432.391871999993,104774.63957333332,0.0,220026.74310399996,0.0,161652.30105599997,14967.805653333331,176620.1067093333,0.0,0.0,74839.02826666666,89806.83391999999,164645.86218666664,0.0,9438.2,0.0,133146.00000000003,1000.0,500.0,144084.20000000004,0.0,1681618.0566066667,1427165.3605,17.0,95.34900395918558
2028-07-01,2028,7,43,4,18783801.024,0.0,17.55,2.3400000000000003,10.2,3.9000000000000004,5.4,2.3400000000000003,2.6519999999999997,44.382000000000005,0.0,0.0,0.0,0.0,0.0,0.0,270884.25000000006,0.0,54176.85000000001,0.0,0.0,325061.1000000001,40632.63750000001,0.0,8126.527500000003,0.0,0.0,48759.165000000015,98398.125,0.0,19679.625,0.0,0.0,118077.75,52671.93750000001,0.0,10534.387500000003,0.0,0.0,63206.32500000001,67721.06250000001,0.0,13544.212500000003,0.0,0.0,81265.27500000002,22573.687500000004,0.0,4514.737500000001,0.0,0.0,27088.425000000003,48608.673749999994,0.0,9721.73475,0.0,0.0,58330.40849999999,601490.37375,0.0,120298.07475000003,0.0,0.0,721788.4485000002,0.0,156531.67520000003,78265.83760000001,31306.33504,0.0,266103.84784,0.0,87657.73811199999,32871.651792,109572.17264,0.0,230101.562544,0.0,169054.20921600002,15653.16752,184707.376736,0.0,0.0,78265.83760000001,93919.00512,172184.84272000002,0.0,9438.2,0.0,133146.00000000003,1000.0,500.0,144084.20000000004,0.0,1718970.2783400002,1452866.4305000002,17.0,92.81612993943097
2028-08-01,2028,8,44,4,19606235.264000002,0.0,17.55,2.3400000000000003,10.2,3.9000000000000004,5.4,2.3400000000000003,2.6519999999999997,44.382000000000005,0.0,0.0,0.0,0.0,0.0,0.0,270884.25000000006,0.0,54176.85000000001,0.0,0.0,325061.1000000001,40632.63750000001,0.0,8126.527500000003,0.0,0.0,48759.165000000015,98398.125,0.0,19679.625,0.0,0.0,118077.75,52671.93750000001,0.0,10534.387500000003,0.0,0.0,63206.32500000001,67721.06250000001,0.0,13544.212500000003,0.0,0.0,81265.27500000002,22573.687500000004,0.0,4514.737500000001,0.0,0.0,27088.425000000003,48608.673749999994,0.0,9721.73475,0.0,0.0,58330.40849999999,601490.37375,0.0,120298.07475000003,0.0,0.0,721788.4485000002,0.0,163385.2938666667,81692.64693333335,32677.058773333338,0.0,277754.99957333336,0.0,91495.76456533333,34310.911712,114369.70570666667,0.0,240176.381984,0.0,176456.117376,16338.529386666669,192794.64676266667,0.0,0.0,81692.64693333335,98031.17632000001,179723.82325333336,0.0,9438.2,0.0,133146.00000000003,1000.0,500.0,144084.20000000004,0.0,1756322.5000733335,1478567.5005,17.0,90.49575182125082
2028-09-01,2028,9,45,4,20730261.439999998,0.0,17.55,2.3400000000000003,10.2,3.9000000000000004,5.4,2.3400000000000003,2.6519999999999997,44.382000000000005,0.0,0.0,0.0,0.0,0.0,0.0,270884.25000000006,0.0,54176.85000000001,0.0,0.0,325061.1000000001,40632.63750000001,0.0,8126.527500000003,0.0,0.0,48759.165000000015,98398.125,0.0,19679.625,0.0,0.0,118077.75,52671.93750000001,0.0,10534.387500000003,0.0,0.0,63206.32500000001,67721.06250000001,0.0,13544.212500000003,0.0,0.0,81265.27500000002,22573.687500000004,0.0,4514.737500000001,0.0,0.0,27088.425000000003,48608.673749999994,0.0,9721.73475,0.0,0.0,58330.40849999999,601490.37375,0.0,120298.07475000003,0.0,0.0,721788.4485000002,0.0,172752.17866666664,86376.08933333332,34550.43573333333,0.0,293678.7037333333,0.0,96741.22005333332,36277.95751999999,120926.52506666665,0.0,253945.70263999997,0.0,186572.35296,17275.217866666666,203847.57082666666,0.0,0.0,86376.08933333332,103651.30719999998,190027.3965333333,0.0,9438.2,0.0,133146.00000000003,1000.0,500.0,144084.20000000004,0.0,1807372.0222333334,1513693.3185,17.0,87.6222418833132
2028-10-01,2028,10,46,4,22171627.648000002,0.0,17.55,2.3400000000000003,10.2,3.9000000000000004,5.4,2.3400000000000003,2.6519999999999997,44.382000000000005,0.0,0.0,0.0,0.0,0.0,0.0,270884.25000000006,0.0,54176.85000000001,0.0,0.0,325061.1000000001,40632.63750000001,0.0,8126.527500000003,0.0,0.0,48759.165000000015,98398.125,0.0,19679.625,0.0,0.0,118077.75,52671.93750000001,0.0,10534.387500000003,0.0,0.0,63206.32500000001,67721.06250000001,0.0,13544.212500000003,0.0,0.0,81265.27500000002,22573.687500000004,0.0,4514.737500000001,0.0,0.0,27088.425000000003,48608.673749999994,0.0,9721.73475,0.0,0.0,58330.40849999999,601490.37375,0.0,120298.07475000003,0.0,0.0,721788.4485000002,0.0,184763.56373333337,92381.78186666669,36952.71274666667,0.0,314098.05834666674,0.0,103467.59569066668,38800.348384,129334.49461333336,0.0,271602.438688,0.0,199544.64883200004,18476.356373333336,218021.00520533338,0.0,0.0,92381.78186666669,110858.13824,203239.9201066667,0.0,9438.2,0.0,133146.00000000003,1000.0,500.0,144084.20000000004,0.0,1872834.070846667,1558736.0125000002,17.000000000000004,84.36382049599898
2028-11-01,2028,11,47,4,23787411.968,0.0,17.55,2.3400000000000003,10.2,3.9000000000000004,5.4,2.3400000000000003,2.6519999999999997,44.382000000000005,0.0,0.0,0.0,0.0,0.0,0.0,270884.25000000006,0.0,54176.85000000001,0.0,0.0,325061.1000000001,40632.63750000001,0.0,8126.527500000003,0.0,0.0,48759.165000000015,98398.125,0.0,19679.625,0.0,0.0,118077.75,52671.93750000001,0.0,10534.387500000003,0.0,0.0,63206.32500000001,67721.06250000001,0.0,13544.212500000003,0.0,0.0,81265.27500000002,22573.687500000004,0.0,4514.737500000001,0.0,0.0,27088.425000000003,48608.673749999994,0.0,9721.73475,0.0,0.0,58330.40849999999,601490.37375,0.0,120298.07475000003,0.0,0.0,721788.4485000002,0.0,198228.43306666668,99114.21653333334,39645.68661333333,0.0,336988.33621333336,0.0,111007.92251733334,41627.97094399999,138759.90314666668,0.0,291395.796608,0.0,214086.707712,19822.843306666666,233909.55101866668,0.0,0.0,99114.21653333334,118937.05983999999,218051.27637333333,0.0,9438.2,0.0,133146.00000000003,1000.0,500.0,144084.20000000004,0.0,1946217.6087133335,1609229.2725000002,17.0,81.18054749284109
2028-12-01,2028,12,48,4,25387448.191999998,0.0,17.55,2.3400000000000003,10.2,3.9000000000000004,5.4,2.3400000000000003,2.6519999999999997,44.382000000000005,0.0,0.0,0.0,0.0,0.0,0.0,270884.25000000006,0.0,54176.85000000001,0.0,0.0,325061.1000000001,40632.63750000001,0.0,8126.527500000003,0.0,0.0,48759.165000000015,98398.125,0.0,19679.625,0.0,0.0,118077.75,52671.93750000001,0.0,10534.387500000003,0.0,0.0,63206.32500000001,67721.06250000001,0.0,13544.212500000003,0.0,0.0,81265.27500000002,22573.687500000004,0.0,4514.737500000001,0.0,0.0,27088.425000000003,48608.673749999994,0.0,9721.73475,0.0,0.0,58330.40849999999,601490.37375,0.0,120298.07475000003,0.0,0.0,721788.4485000002,0.0,211562.06826666664,105781.03413333332,42312.41365333333,0.0,359655.5160533333,0.0,118474.75822933333,44428.03433599999,148093.44778666666,0.0,310996.240352,0.0,228487.03372799998,21156.206826666665,249643.24055466664,0.0,0.0,105781.03413333332,126937.24095999998,232718.2750933333,0.0,9438.2,0.0,133146.00000000003,1000.0,500.0,144084.20000000004,0.0,2018885.9205533336,1659230.4045000002,17.0,78.42759423246883
2029-01-01,2029,1,49,5,27051779.70688,0.0,21.06,2.5740000000000007,13.26,4.680000000000001,7.0200000000000005,2.5740000000000007,2.9172,54.0852,0.0,0.0,0.0,0.0,0.0,0.0,341314.155,0.0,68262.831,0.0,0.0,409576.98600000003,46930.69631250002,0.0,9386.139262500004,0.0,0.0,56316.83557500002,134313.44062500002,0.0,26862.688125000004,0.0,0.0,161176.12875000003,66366.64125000002,0.0,13273.328250000004,0.0,0.0,79639.96950000002,92439.25031250004,0.0,18487.85006250001,0.0,0.0,110927.10037500004,26072.60906250001,0.0,5214.521812500003,0.0,0.0,31287.130875000013,56143.018181250016,0.0,11228.603636250004,0.0,0.0,67371.62181750002,763579.8107437502,0.0,152715.96214875003,0.0,0.0,916295.7728925002,0.0,225431.49755733335,112715.74877866668,45086.29951146667,0.0,383233.5458474667,0.0,117224.37872981334,43959.142023680004,146530.47341226667,0.0,307713.99416576,0.0,243466.01736192,22543.149755733335,266009.16711765336,0.0,0.0,112715.74877866668,135258.8985344,247974.6473130667,0.0,10408.52,0.0,162255.6,1000.0,500.0,174164.12,0.0,2295391.2473364472,1912157.7014889806,17.0,84.8221176813443
2029-02-01,2029,2,50,5,27051779.70688,0.0,21.06,2.5740000000000007,13.26,4.680000000000001,7.0200000000000005,2.5740000000000007,2.9172,54.0852,0.0,0.0,0.0,0.0,0.0,0.0,341314.155,0.0,68262.831,0.0,0.0,409576.98600000003,46930.69631250002,0.0,9386.139262500004,0.0,0.0,56316.83557500002,134313.44062500002,0.0,26862.688125000004,0.0,0.0,161176.12875000003,66366.64125000002,0.0,13273.328250000004,0.0,0.0,79639.96950000002,92439.25031250004,0.0,18487.85006250001,0.0,0.0,110927.10037500004,26072.60906250001,0.0,5214.521812500003,0.0,0.0,31287.130875000013,56143.018181250016,0.0,11228.603636250004,0.0,0.0,67371.62181750002,763579.8107437502,0.0,152715.96214875003,0.0,0.0,916295.7728925002,0.0,225431.49755733335,112715.74877866668,45086.29951146667,0.0,383233.5458474667,0.0,117224.37872981334,43959.142023680004,146530.47341226667,0.0,307713.99416576,0.0,243466.01736192,22543.149755733335,266009.16711765336,0.0,0.0,112715.74877866668,135258.8985344,247974.6473130667,0.0,10408.52,0.0,162255.6,1000.0,500.0,174164.12,0.0,2295391.2473364472,1912157.7014889806,17.0,84.8221176813443
2029-03-01,2029,3,51,5,27219654.96192,0.0,21.06,2.5740000000000007,13.26,4.680000000000001,7.0200000000000005,2.5740000000000007,2.9172,54.0852,0.0,0.0,0.0,0.0,0.0,0.0,341314.155,0.0,68262.831,0.0,0.0,409576.98600000003,46930.69631250002,0.0,9386.139262500004,0.0,0.0,56316.83557500002,134313.44062500002,0.0,26862.688125000004,0.0,0.0,161176.12875000003,66366.64125000002,0.0,13273.328250000004,0.0,0.0,79639.96950000002,92439.25031250004,0.0,18487.85006250001,0.0,0.0,110927.10037500004,26072.60906250001,0.0,5214.521812500003,0.0,0.0,31287.130875000013,56143.018181250016,0.0,11228.603636250004,0.0,0.0,67371.62181750002,763579.8107437502,0.0,152715.96214875003,0.0,0.0,916295.7728925002,0.0,226830.45801600002,113415.22900800001,45366.0916032,0.0,385611.77862720005,0.0,117951.83816832001,44231.93931312,147439.79771040002,0.0,309623.57519184006,0.0,244976.89465728003,22683.0458016,267659.94045888004,0.0,0.0,113415.22900800001,136098.2748096,249513.50381760002,0.0,10408.52,0.0,162255.6,1000.0,500.0,174164.12,0.0,2302868.6909880205,1917256.9123608205,17.000000000000004,84.52378614099445
2029-04-01,2029,4,52,5,27403908.236799996,0.0,21.06,2.5740000000000007,13.26,4.680000000000001,7.0200000000000005,2.5740000000000007,2.9172,54.0852,0.0,0.0,0.0,0.0,0.0,0.0,341314.155,0.0,68262.831,0.0,0.0,409576.98600000003,46930.69631250002,0.0,9386.139262500004,0.0,0.0,56316.83557500002,134313.44062500002,0.0,26862.688125000004,0.0,0.0,161176.12875000003,66366.64125000002,0.0,13273.328250000004,0.0,0.0,79639.96950000002,92439.25031250004,0.0,18487.85006250001,0.0,0.0,110927.10037500004,26072.60906250001,0.0,5214.521812500003,0.0,0.0,31287.130875000013,56143.018181250016,0.0,11228.603636250004,0.0,0.0,67371.62181750002,763579.8107437502,0.0,152715.96214875003,0.0,0.0,916295.7728925002,0.0,228365.90197333333,114182.95098666666,45673.180394666655,0.0,388222.03335466667,0.0,118750.2690261333,44531.35088479999,148437.83628266669,0.0,311719.45619359997,0.0,246635.17413119998,22836.590197333328,269471.7643285333,0.0,0.0,114182.95098666666,137019.54118399997,251202.49217066664,0.0,10408.52,0.0,162255.6,1000.0,500.0,174164.12,0.0,2311075.6389399664,1922853.6055853,17.0,84.20055660541804
2029-05-01,2029,5,53,5,27604539.531519998,0.0,21.06,2.5740000000000007,13.26,4.680000000000001,7.0200000000000005,2.5740000000000007,2.9172,54.0852,0.0,0.0,0.0,0.0,0.0,0.0,341314.155,0.0,68262.831,0.0,0.0,409576.98600000003,46930.69631250002,0.0,9386.139262500004,0.0,0.0,56316.83557500002,134313.44062500002,0.0,26862.688125000004,0.0,0.0,161176.12875000003,66366.64125000002,0.0,13273.328250000004,0.0,0.0,79639.96950000002,92439.25031250004,0.0,18487.85006250001,0.0,0.0,110927.10037500004,26072.60906250001,0.0,5214.521812500003,0.0,0.0,31287.130875000013,56143.018181250016,0.0,11228.603636250004,0.0,0.0,67371.62181750002,763579.8107437502,0.0,152715.96214875003,0.0,0.0,916295.7728925002,0.0,230037.82942933333,115018.91471466667,46007.565885866665,0.0,391064.31002986664,0.0,119619.67130325333,44857.37673872,149524.58912906668,0.0,314001.63717104,0.0,248440.85578368,23003.782942933332,271444.6387266133,0.0,0.0,115018.91471466667,138022.6976576,253041.61237226665,0.0,10408.52,0.0,162255.6,1000.0,500.0,174164.12,0.0,2320012.0911922865,1928947.7811624198,17.0,83.85350296286744
2029-06-01,2029,6,54,5,27973046.08128,0.0,21.06,2.5740000000000007,13.26,4.680000000000001,7.0200000000000005,2.5740000000000007,2.9172,54.0852,0.0,0.0,0.0,0.0,0.0,0.0,341314.155,0.0,68262.831,0.0,0.0,409576.98600000003,46930.69631250002,0.0,9386.139262500004,0.0,0.0,56316.83557500002,134313.44062500002,0.0,26862.688125000004,0.0,0.0,161176.12875000003,66366.64125000002,0.0,13273.328250000004,0.0,0.0,79639.96950000002,92439.25031250004,0.0,18487.85006250001,0.0,0.0,110927.10037500004,26072.60906250001,0.0,5214.521812500003,0.0,0.0,31287.130875000013,56143.018181250016,0.0,11228.603636250004,0.0,0.0,67371.62181750002,763579.8107437502,0.0,152715.96214875003,0.0,0.0,916295.7728925002,0.0,233108.717344,116554.358672,46621.74346880001,0.0,396284.8194848,0.0,121216.53301888001,45456.19988208,151520.6662736,0.0,318193.39917456004,0.0,251757.41473152,23310.871734400003,275068.28646592,0.0,0.0,116554.358672,139865.2304064,256419.5890784,0.0,10408.52,0.0,162255.6,1000.0,500.0,174164.12,0.0,2336425.98709618,1940141.16761138,17.0,83.22902676986985
2029-07-01,2029,7,55,5,28849550.126080003,0.0,21.06,2.5740000000000007,13.26,4.680000000000001,7.0200000000000005,2.5740000000000007,2.9172,54.0852,0.0,0.0,0.0,0.0,0.0,0.0,341314.155,0.0,68262.831,0.0,0.0,409576.98600000003,46930.69631250002,0.0,9386.139262500004,0.0,0.0,56316.83557500002,134313.44062500002,0.0,26862.688125000004,0.0,0.0,161176.12875000003,66366.64125000002,0.0,13273.328250000004,0.0,0.0,79639.96950000002,92439.25031250004,0.0,18487.85006250001,0.0,0.0,110927.10037500004,26072.60906250001,0.0,5214.521812500003,0.0,0.0,31287.130875000013,56143.018181250016,0.0,11228.603636250004,0.0,0.0,67371.62181750002,763579.8107437502,0.0,152715.96214875003,0.0,0.0,916295.7728925002,0.0,240412.9177173334,120206.4588586667,48082.58354346667,0.0,408701.96011946676,0.0,125014.71721301337,46880.518954880004,156268.39651626672,0.0,328163.6326841601,0.0,259645.95113472003,24041.291771733337,283687.2429064534,0.0,0.0,120206.4588586667,144247.7506304,264454.2094890667,0.0,10408.52,0.0,162255.6,1000.0,500.0,174164.12,0.0,2375466.938091647,1966764.9779721801,17.0,81.80779122212614
2029-08-01,2029,8,56,5,29726054.17088,0.0,21.06,2.5740000000000007,13.26,4.680000000000001,7.0200000000000005,2.5740000000000007,2.9172,54.0852,0.0,0.0,0.0,0.0,0.0,0.0,341314.155,0.0,68262.831,0.0,0.0,409576.98600000003,46930.69631250002,0.0,9386.139262500004,0.0,0.0,56316.83557500002,134313.44062500002,0.0,26862.688125000004,0.0,0.0,161176.12875000003,66366.64125000002,0.0,13273.328250000004,0.0,0.0,79639.96950000002,92439.25031250004,0.0,18487.85006250001,0.0,0.0,110927.10037500004,26072.60906250001,0.0,5214.521812500003,0.0,0.0,31287.130875000013,56143.018181250016,0.0,11228.603636250004,0.0,0.0,67371.62181750002,763579.8107437502,0.0,152715.96214875003,0.0,0.0,916295.7728925002,0.0,247717.11809066669,123858.55904533334,49543.42361813333,0.0,421119.10075413337,0.0,128812.90140714667,48304.83802768,161016.12675893333,0.0,338133.86619375995,0.0,267534.48753792,24771.711809066666,292306.19934698666,0.0,0.0,123858.55904533334,148630.2708544,272488.82989973336,0.0,10408.52,0.0,162255.6,1000.0,500.0,174164.12,0.0,2414507.8890871136,1993388.7883329801,17.0,80.47036893120087
2029-09-01,2029,9,57,5,30938308.725759998,0.0,21.06,2.5740000000000007,13.26,4.680000000000001,7.0200000000000005,2.5740000000000007,2.9172,54.0852,0.0,0.0,0.0,0.0,0.0,0.0,341314.155,0.0,68262.831,0.0,0.0,409576.98600000003,46930.69631250002,0.0,9386.139262500004,0.0,0.0,56316.83557500002,134313.44062500002,0.0,26862.688125000004,0.0,0.0,161176.12875000003,66366.64125000002,0.0,13273.328250000004,0.0,0.0,79639.96950000002,92439.25031250004,0.0,18487.85006250001,0.0,0.0,110927.10037500004,26072.60906250001,0.0,5214.521812500003,0.0,0.0,31287.130875000013,56143.018181250016,0.0,11228.603636250004,0.0,0.0,67371.62181750002,763579.8107437502,0.0,152715.96214875003,0.0,0.0,916295.7728925002,0.0,257819.23938133335,128909.61969066667,51563.847876266664,0.0,438292.7069482667,0.0,134066.00447829333,50274.75167935999,167582.5055978667,0.0,351923.26175552,0.0,278444.77853184,25781.923938133332,304226.70246997336,0.0,0.0,128909.61969066667,154691.5436288,283601.16331946664,0.0,10408.52,0.0,162255.6,1000.0,500.0,174164.12,0.0,2468503.727385727,2030211.0204374604,17.000000000000004,78.74552051697862
2029-10-01,2029,10,58,5,32502691.810560003,0.0,21.06,2.5740000000000007,13.26,4.680000000000001,7.0200000000000005,2.5740000000000007,2.9172,54.0852,0.0,0.0,0.0,0.0,0.0,0.0,341314.155,0.0,68262.831,0.0,0.0,409576.98600000003,46930.69631250002,0.0,9386.139262500004,0.0,0.0,56316.83557500002,134313.44062500002,0.0,26862.688125000004,0.0,0.0,161176.12875000003,66366.64125000002,0.0,13273.328250000004,0.0,0.0,79639.96950000002,92439.25031250004,0.0,18487.85006250001,0.0,0.0,110927.10037500004,26072.60906250001,0.0,5214.521812500003,0.0,0.0,31287.130875000013,56143.018181250016,0.0,11228.603636250004,0.0,0.0,67371.62181750002,763579.8107437502,0.0,152715.96214875003,0.0,0.0,916295.7728925002,0.0,270855.76508800004,135427.88254400002,54171.15301760001,0.0,460454.80064960005,0.0,140844.99784576002,52816.87419216,176056.2473072,0.0,369718.11934512004,0.0,292524.22629504,27085.576508800004,319609.80280384,0.0,0.0,135427.88254400002,162513.4590528,297941.3415968,0.0,10408.52,0.0,162255.6,1000.0,500.0,174164.12,0.0,2538183.9572878606,2077729.1566382605,17.0,76.70979999126894
2029-11-01,2029,11,59,5,34234950.1504,0.0,21.06,2.5740000000000007,13.26,4.680000000000001,7.0200000000000005,2.5740000000000007,2.9172,54.0852,0.0,0.0,0.0,0.0,0.0,0.0,341314.155,0.0,68262.831,0.0,0.0,409576.98600000003,46930.69631250002,0.0,9386.139262500004,0.0,0.0,56316.83557500002,134313.44062500002,0.0,26862.688125000004,0.0,0.0,161176.12875000003,66366.64125000002,0.0,13273.328250000004,0.0,0.0,79639.96950000002,92439.25031250004,0.0,18487.85006250001,0.0,0.0,110927.10037500004,26072.60906250001,0.0,5214.521812500003,0.0,0.0,31287.130875000013,56143.018181250016,0.0,11228.603636250004,0.0,0.0,67371.62181750002,763579.8107437502,0.0,152715.96214875003,0.0,0.0,916295.7728925002,0.0,285291.25125333335,142645.62562666668,57058.250250666664,0.0,484995.12713066663,0.0,148351.45065173335,55631.7939944,185439.31331466665,0.0,389422.5579608,0.0,308114.5513536,28529.125125333332,336643.6764789333,0.0,0.0,142645.62562666668,171174.750752,313820.37637866667,0.0,10408.52,0.0,162255.6,1000.0,500.0,174164.12,0.0,2615341.6308415667,2130346.5037109,17.0,74.67268955328714
2029-12-01,2029,12,60,5,35950830.4704,0.0,21.06,2.5740000000000007,13.26,4.680000000000001,7.0200000000000005,2.5740000000000007,2.9172,54.0852,0.0,0.0,0.0,0.0,0.0,0.0,341314.155,0.0,68262.831,0.0,0.0,409576.98600000003,46930.69631250002,0.0,9386.139262500004,0.0,0.0,56316.83557500002,134313.44062500002,0.0,26862.688125000004,0.0,0.0,161176.12875000003,66366.64125000002,0.0,13273.328250000004,0.0,0.0,79639.96950000002,92439.25031250004,0.0,18487.85006250001,0.0,0.0,110927.10037500004,26072.60906250001,0.0,5214.521812500003,0.0,0.0,31287.130875000013,56143.018181250016,0.0,11228.603636250004,0.0,0.0,67371.62181750002,763579.8107437502,0.0,152715.96214875003,0.0,0.0,916295.7728925002,0.0,299590.25392,149795.12696,59918.050784,0.0,509303.431664,0.0,155786.9320384,58420.0995144,194733.66504800002,0.0,408940.69660080003,0.0,323557.4742336,29959.025392,353516.4996256,0.0,0.0,149795.12696,179754.15235199998,329549.27931199997,0.0,10408.52,0.0,162255.6,1000.0,500.0,174164.12,0.0,2691769.8000948997,2182466.3684309,17.0,72.84837673703788
2030-01-01,2030,1,61,6,38283226.917504005,0.0,23.166,2.5740000000000007,15.911999999999999,4.680000000000001,8.424,2.5740000000000007,2.9172,60.2472,0.0,0.0,0.0,0.0,0.0,0.0,394217.8490250001,0.0,78843.56980500004,0.0,0.0,473061.41883000016,49277.23112812502,0.0,9855.446225625004,0.0,0.0,59132.67735375003,169234.93518750003,0.0,33846.98703750001,0.0,0.0,203081.92222500005,69684.97331250002,0.0,13936.994662500005,0.0,0.0,83621.96797500002,116473.45539375003,0.0,23294.69107875001,0.0,0.0,139768.14647250006,27376.239515625013,0.0,5475.247903125003,0.0,0.0,32851.48741875002,58950.16909031252,0.0,11790.033818062504,0.0,0.0,70740.20290837502,885214.8526528128,0.0,177042.9705305626,0.0,0.0,1062257.8231833754,0.0,319026.8909792001,159513.44548960004,63805.378195840014,0.0,542345.7146646401,0.0,153132.90767001602,57424.840376256005,191416.13458752003,0.0,401973.88263379206,0.0,344549.042257536,31902.689097920007,376451.73135545605,0.0,0.0,159513.44548960004,191416.13458752003,350929.5800771201,0.0,11024.720000000001,0.0,180741.6,1000.0,500.0,193266.32,0.0,2927225.0519143837,2384879.3372497433,17.0,74.75480608953535
2030-02-01,2030,2,62,6,38300260.0581376,0.0,23.166,2.5740000000000007,15.911999999999999,4.680000000000001,8.424,2.5740000000000007,2.9172,60.2472,0.0,0.0,0.0,0.0,0.0,0.0,394217.8490250001,0.0,78843.56980500004,0.0,0.0,473061.41883000016,49277.23112812502,0.0,9855.446225625004,0.0,0.0,59132.67735375003,169234.93518750003,0.0,33846.98703750001,0.0,0.0,203081.92222500005,69684.97331250002,0.0,13936.994662500005,0.0,0.0,83621.96797500002,116473.45539375003,0.0,23294.69107875001,0.0,0.0,139768.14647250006,27376.239515625013,0.0,5475.247903125003,0.0,0.0,32851.48741875002,58950.16909031252,0.0,11790.033818062504,0.0,0.0,70740.20290837502,885214.8526528128,0.0,177042.9705305626,0.0,0.0,1062257.8231833754,0.0,319168.83381781337,159584.41690890669,63833.76676356268,0.0,542587.0174902828,0.0,153201.0402325504,57450.390087206404,191501.30029068803,0.0,402152.73061044485,0.0,344702.34052323847,31916.88338178134,376619.2239050198,0.0,0.0,159584.41690890669,191501.30029068803,351085.7171995947,0.0,11024.720000000001,0.0,180741.6,1000.0,500.0,193266.32,0.0,2927968.832388717,2385381.8148984346,17.0,74.73730396433533
2030-03-01,2030,3,63,6,38477880.2680832,0.0,23.166,2.5740000000000007,15.911999999999999,4.680000000000001,8.424,2.5740000000000007,2.9172,60.2472,0.0,0.0,0.0,0.0,0.0,0.0,394217.8490250001,0.0,78843.56980500004,0.0,0.0,473061.41883000016,49277.23112812502,0.0,9855.446225625004,0.0,0.0,59132.67735375003,169234.93518750003,0.0,33846.98703750001,0.0,0.0,203081.92222500005,69684.97331250002,0.0,13936.994662500005,0.0,0.0,83621.96797500002,116473.45539375003,0.0,23294.69107875001,0.0,0.0,139768.14647250006,27376.239515625013,0.0,5475.247903125003,0.0,0.0,32851.48741875002,58950.16909031252,0.0,11790.033818062504,0.0,0.0,70740.20290837502,885214.8526528128,0.0,177042.9705305626,0.0,0.0,1062257.8231833754,0.0,320649.0022340267,160324.50111701334,64129.80044680533,0.0,545103.3037978454,0.0,153911.52107233278,57716.82040212479,192389.40134041602,0.0,404017.7428148736,0.0,346300.9224127488,32064.900223402667,378365.82263615145,0.0,0.0,160324.50111701334,192389.40134041596,352713.9024574293,0.0,11024.720000000001,0.0,180741.6,1000.0,500.0,193266.32,0.0,2935724.9148896746,2390621.6110918294,17.0,74.55571651356728
2030-04-01,2030,4,64,6,38528979.689984,0.0,23.166,2.5740000000000007,15.911999999999999,4.680000000000001,8.424,2.5740000000000007,2.9172,60.2472,0.0,0.0,0.0,0.0,0.0,0.0,394217.8490250001,0.0,78843.56980500004,0.0,0.0,473061.41883000016,49277.23112812502,0.0,9855.446225625004,0.0,0.0,59132.67735375003,169234.93518750003,0.0,33846.98703750001,0.0,0.0,203081.92222500005,69684.97331250002,0.0,13936.994662500005,0.0,0.0,83621.96797500002,116473.45539375003,0.0,23294.69107875001,0.0,0.0,139768.14647250006,27376.239515625013,0.0,5475.247903125003,0.0,0.0,32851.48741875002,58950.16909031252,0.0,11790.033818062504,0.0,0.0,70740.20290837502,885214.8526528128,0.0,177042.9705305626,0.0,0.0,1062257.8231833754,0.0,321074.8307498667,160537.41537493336,64214.966149973334,0.0,545827.2122747734,0.0,154115.918759936,57793.469534976,192644.89844992,0.0,404554.286744832,0.0,346760.817209856,32107.483074986667,378868.30028484267,0.0,0.0,160537.41537493336,192644.89844992,353182.3138248534,0.0,11024.720000000001,0.0,180741.6,1000.0,500.0,193266.32,0.0,2937956.2563126767,2392129.044037903,17.0,74.50378587605614
2030-05-01,2030,5,65,6,38757699.3218304,0.0,23.166,2.5740000000000007,15.911999999999999,4.680000000000001,8.424,2.5740000000000007,2.9172,60.2472,0.0,0.0,0.0,0.0,0.0,0.0,394217.8490250001,0.0,78843.56980500004,0.0,0.0,473061.41883000016,49277.23112812502,0.0,9855.446225625004,0.0,0.0,59132.67735375003,169234.93518750003,0.0,33846.98703750001,0.0,0.0,203081.92222500005,69684.97331250002,0.0,13936.994662500005,0.0,0.0,83621.96797500002,116473.45539375003,0.0,23294.69107875001,0.0,0.0,139768.14647250006,27376.239515625013,0.0,5475.247903125003,0.0,0.0,32851.48741875002,58950.16909031252,0.0,11790.033818062504,0.0,0.0,70740.20290837502,885214.8526528128,0.0,177042.9705305626,0.0,0.0,1062257.8231833754,0.0,322980.82768192,161490.41384096,64596.165536384004,0.0,549067.407059264,0.0,155030.7972873216,58136.54898274559,193788.49660915203,0.0,406955.8428792192,0.0,348819.2938964736,32298.082768192002,381117.3766646656,0.0,0.0,161490.41384096,193788.49660915197,355278.91045011196,0.0,11024.720000000001,0.0,180741.6,1000.0,500.0,193266.32,0.0,2947943.6802366357,2398876.273177372,17.0,74.2730238941566
2030-06-01,2030,6,66,6,38986418.953676805,0.0,23.166,2.5740000000000007,15.911999999999999,4.680000000000001,8.424,2.5740000000000007,2.9172,60.2472,0.0,0.0,0.0,0.0,0.0,0.0,394217.8490250001,0.0,78843.56980500004,0.0,0.0,473061.41883000016,49277.23112812502,0.0,9855.446225625004,0.0,0.0,59132.67735375003,169234.93518750003,0.0,33846.98703750001,0.0,0.0,203081.92222500005,69684.97331250002,0.0,13936.994662500005,0.0,0.0,83621.96797500002,116473.45539375003,0.0,23294.69107875001,0.0,0.0,139768.14647250006,27376.239515625013,0.0,5475.247903125003,0.0,0.0,32851.48741875002,58950.16909031252,0.0,11790.033818062504,0.0,0.0,70740.20290837502,885214.8526528128,0.0,177042.9705305626,0.0,0.0,1062257.8231833754,0.0,324886.8246139734,162443.4123069867,64977.36492279468,0.0,552307.6018437548,0.0,155945.6758147072,58479.6284305152,194932.094768384,0.0,409357.3990136064,0.0,350877.77058309125,32488.68246139734,383366.45304448856,0.0,0.0,162443.4123069867,194932.094768384,357375.5070753707,0.0,11024.720000000001,0.0,180741.6,1000.0,500.0,193266.32,0.0,2957931.1041605957,2405623.502316841,17.0,74.04496951131134
2030-07-01,2030,7,67,6,39358692.514201604,0.0,23.166,2.5740000000000007,15.911999999999999,4.680000000000001,8.424,2.5740000000000007,2.9172,60.2472,0.0,0.0,0.0,0.0,0.0,0.0,394217.8490250001,0.0,78843.56980500004,0.0,0.0,473061.41883000016,49277.23112812502,0.0,9855.446225625004,0.0,0.0,59132.67735375003,169234.93518750003,0.0,33846.98703750001,0.0,0.0,203081.92222500005,69684.97331250002,0.0,13936.994662500005,0.0,0.0,83621.96797500002,116473.45539375003,0.0,23294.69107875001,0.0,0.0,139768.14647250006,27376.239515625013,0.0,5475.247903125003,0.0,0.0,32851.48741875002,58950.16909031252,0.0,11790.033818062504,0.0,0.0,70740.20290837502,885214.8526528128,0.0,177042.9705305626,0.0,0.0,1062257.8231833754,0.0,327989.1042850134,163994.5521425067,65597.82085700268,0.0,557581.4772845227,0.0,157434.77005680642,59038.0387713024,196793.462571008,0.0,413266.27139911684,0.0,354228.23262781446,32798.91042850134,387027.1430563158,0.0,0.0,163994.5521425067,196793.462571008,360788.0147135147,0.0,11024.720000000001,0.0,180741.6,1000.0,500.0,193266.32,0.0,2974187.0496368455,2416605.5723523227,17.0,73.67944668833756
2030-08-01,2030,8,68,6,40115331.23456001,0.0,23.166,2.5740000000000007,15.911999999999999,4.680000000000001,8.424,2.5740000000000007,2.9172,60.2472,0.0,0.0,0.0,0.0,0.0,0.0,394217.8490250001,0.0,78843.56980500004,0.0,0.0,473061.41883000016,49277.23112812502,0.0,9855.446225625004,0.0,0.0,59132.67735375003,169234.93518750003,0.0,33846.98703750001,0.0,0.0,203081.92222500005,69684.97331250002,0.0,13936.994662500005,0.0,0.0,83621.96797500002,116473.45539375003,0.0,23294.69107875001,0.0,0.0,139768.14647250006,27376.239515625013,0.0,5475.247903125003,0.0,0.0,32851.48741875002,58950.16909031252,0.0,11790.033818062504,0.0,0.0,70740.20290837502,885214.8526528128,0.0,177042.9705305626,0.0,0.0,1062257.8231833754,0.0,334294.4269546668,167147.2134773334,66858.88539093336,0.0,568300.5258229335,0.0,160461.32493824005,60172.99685184002,200576.65617280008,0.0,421210.97796288016,0.0,361037.9811110401,33429.44269546668,394467.4238065068,0.0,0.0,167147.2134773334,200576.65617280008,367723.8696501335,0.0,11024.720000000001,0.0,180741.6,1000.0,500.0,193266.32,0.0,3007226.940425829,2438926.4146028957,17.0,72.95743565996197
2030-09-01,2030,9,69,6,41066623.30549762,0.0,23.166,2.5740000000000007,15.911999999999999,4.680000000000001,8.424,2.5740000000000007,2.9172,60.2472,0.0,0.0,0.0,0.0,0.0,0.0,394217.8490250001,0.0,78843.56980500004,0.0,0.0,473061.41883000016,49277.23112812502,0.0,9855.446225625004,0.0,0.0,59132.67735375003,169234.93518750003,0.0,33846.98703750001,0.0,0.0,203081.92222500005,69684.97331250002,0.0,13936.994662500005,0.0,0.0,83621.96797500002,116473.45539375003,0.0,23294.69107875001,0.0,0.0,139768.14647250006,27376.239515625013,0.0,5475.247903125003,0.0,0.0,32851.48741875002,58950.16909031252,0.0,11790.033818062504,0.0,0.0,70740.20290837502,885214.8526528128,0.0,177042.9705305626,0.0,0.0,1062257.8231833754,0.0,342221.8608791468,171110.9304395734,68444.37217582935,0.0,581777.1634945496,0.0,164266.49322199044,61599.93495824642,205333.11652748808,0.0,431199.54470772494,0.0,369599.6097494785,34222.18608791468,403821.7958373932,0.0,0.0,171110.9304395734,205333.11652748808,376444.04696706147,0.0,11024.720000000001,0.0,180741.6,1000.0,500.0,193266.32,0.0,3048766.6941901045,2466989.530695555,17.0,72.08743253157502
2030-10-01,2030,10,70,6,42034948.51706882,0.0,23.166,2.5740000000000007,15.911999999999999,4.680000000000001,8.424,2.5740000000000007,2.9172,60.2472,0.0,0.0,0.0,0.0,0.0,0.0,394217.8490250001,0.0,78843.56980500004,0.0,0.0,473061.41883000016,49277.23112812502,0.0,9855.446225625004,0.0,0.0,59132.67735375003,169234.93518750003,0.0,33846.98703750001,0.0,0.0,203081.92222500005,69684.97331250002,0.0,13936.994662500005,0.0,0.0,83621.96797500002,116473.45539375003,0.0,23294.69107875001,0.0,0.0,139768.14647250006,27376.239515625013,0.0,5475.247903125003,0.0,0.0,32851.48741875002,58950.16909031252,0.0,11790.033818062504,0.0,0.0,70740.20290837502,885214.8526528128,0.0,177042.9705305626,0.0,0.0,1062257.8231833754,0.0,350291.2376422402,175145.6188211201,70058.24752844803,0.0,595495.1039918083,0.0,168139.79406827528,63052.42277560322,210174.7425853441,0.0,441366.9594292226,0.0,378314.5366536194,35029.123764224016,413343.6604178434,0.0,0.0,175145.6188211201,210174.7425853441,385320.3614064642,0.0,11024.720000000001,0.0,180741.6,1000.0,500.0,193266.32,0.0,3091050.228428714,2495555.1244369056,17.0,71.24229373346954
2030-11-01,2030,11,71,6,43214960.21985282,0.0,23.166,2.5740000000000007,15.911999999999999,4.680000000000001,8.424,2.5740000000000007,2.9172,60.2472,0.0,0.0,0.0,0.0,0.0,0.0,394217.8490250001,0.0,78843.56980500004,0.0,0.0,473061.41883000016,49277.23112812502,0.0,9855.446225625004,0.0,0.0,59132.67735375003,169234.93518750003,0.0,33846.98703750001,0.0,0.0,203081.92222500005,69684.97331250002,0.0,13936.994662500005,0.0,0.0,83621.96797500002,116473.45539375003,0.0,23294.69107875001,0.0,0.0,139768.14647250006,27376.239515625013,0.0,5475.247903125003,0.0,0.0,32851.48741875002,58950.16909031252,0.0,11790.033818062504,0.0,0.0,70740.20290837502,885214.8526528128,0.0,177042.9705305626,0.0,0.0,1062257.8231833754,0.0,360124.66849877354,180062.33424938677,72024.93369975469,0.0,612211.9364479149,0.0,172859.84087941126,64822.44032977923,216074.8010992641,0.0,453757.08230845456,0.0,388934.6419786754,36012.466849877346,424947.1088285527,0.0,0.0,180062.33424938677,216074.8010992641,396137.13534865086,0.0,11024.720000000001,0.0,180741.6,1000.0,500.0,193266.32,0.0,3142577.4061169485,2530365.4696690333,17.0,70.2635973319237
2030-12-01,2030,12,72,6,44377938.78200322,0.0,23.166,2.5740000000000007,15.911999999999999,4.680000000000001,8.424,2.5740000000000007,2.9172,60.2472,0.0,0.0,0.0,0.0,0.0,0.0,394217.8490250001,0.0,78843.56980500004,0.0,0.0,473061.41883000016,49277.23112812502,0.0,9855.446225625004,0.0,0.0,59132.67735375003,169234.93518750003,0.0,33846.98703750001,0.0,0.0,203081.92222500005,69684.97331250002,0.0,13936.994662500005,0.0,0.0,83621.96797500002,116473.45539375003,0.0,23294.69107875001,0.0,0.0,139768.14647250006,27376.239515625013,0.0,5475.247903125003,0.0,0.0,32851.48741875002,58950.16909031252,0.0,11790.033818062504,0.0,0.0,70740.20290837502,885214.8526528128,0.0,177042.9705305626,0.0,0.0,1062257.8231833754,0.0,369816.1565166935,184908.07825834674,73963.2313033387,0.0,628687.4660783788,0.0,177511.75512801285,66566.90817300482,221889.69391001607,0.0,465968.3572110337,0.0,399401.4490380289,36981.61565166935,436383.0646896982,0.0,0.0,184908.07825834674,221889.69391001607,406797.7721683628,0.0,11024.720000000001,0.0,180741.6,1000.0,500.0,193266.32,0.0,3193360.803330849,2564673.33725247,17.0,69.34995380973035
