date,year,month,month_number,year_number,Enterprise_customers,Enterprise_new_customers,Enterprise_churned_customers,Enterprise_new_arr,Enterprise_churned_arr,Enterprise_arr,Enterprise_cohort_distribution,Mid-Market_customers,Mid-Market_new_customers,Mid-Market_churned_customers,Mid-Market_new_arr,Mid-Market_churned_arr,Mid-Market_arr,Mid-Market_cohort_distribution,SMB_customers,SMB_new_customers,SMB_churned_customers,SMB_new_arr,SMB_churned_arr,SMB_arr,SMB_cohort_distribution,total_customers,total_new_customers,total_churned_customers,total_arr,total_new_arr,total_churned_arr
2025-01-01,2025,1,1,1,1,0,0,0.0,0.0,250000.0,,1,0,0,0.0,0.0,120000.0,,2,0,0,0.0,0.0,28000.0,,4,0,0,398000.0,0.0,0.0
2025-01-31,2025,1,2,1,1,0,0,0.0,0.0,250000.0,"[1, 0]",1,0,0,0.0,0.0,120000.0,"[1, 0]",2,0,0,0.0,0.0,28000.0,"[2, 0]",4,0,0,398000.0,0.0,0.0
2025-03-02,2025,3,3,1,1,0,0,0.0,0.0,250000.0,"[1, 0, 0]",1,0,0,0.0,0.0,120000.0,"[1, 0, 0]",2,0,0,0.0,0.0,28000.0,"[2, 0, 0]",4,0,0,398000.0,0.0,0.0
2025-04-01,2025,4,4,1,2,1,0,250000.0,0.0,500000.0,"[1, 0, 0, 1]",1,0,0,0.0,0.0,120000.0,"[1, 0, 0, 0]",2,0,0,0.0,0.0,28000.0,"[2, 0, 0, 0]",5,1,0,648000.0,250000.0,0.0
2025-05-01,2025,5,5,1,2,0,0,0.0,0.0,500000.0,"[1, 0, 0, 1, 0]",1,0,0,0.0,0.0,120000.0,"[1, 0, 0, 0, 0]",2,0,0,0.0,0.0,28000.0,"[2, 0, 0, 0, 0]",5,0,0,648000.0,0.0,0.0
2025-05-31,2025,5,6,1,2,0,0,0.0,0.0,500000.0,"[1, 0, 0, 1, 0, 0]",1,0,0,0.0,0.0,120000.0,"[1, 0, 0, 0, 0, 0]",2,0,0,0.0,0.0,28000.0,"[2, 0, 0, 0, 0, 0]",5,0,0,648000.0,0.0,0.0
2025-06-30,2025,6,7,1,2,0,0,0.0,0.0,500000.0,"[1, 0, 0, 1, 0, 0, 0]",1,0,0,0.0,0.0,120000.0,"[1, 0, 0, 0, 0, 0, 0]",2,0,0,0.0,0.0,28000.0,"[2, 0, 0, 0, 0, 0, 0]",5,0,0,648000.0,0.0,0.0
2025-07-30,2025,7,8,1,2,0,0,0.0,0.0,500000.0,"[1, 0, 0, 1, 0, 0, 0, 0]",1,0,0,0.0,0.0,120000.0,"[1, 0, 0, 0, 0, 0, 0, 0]",2,0,0,0.0,0.0,28000.0,"[2, 0, 0, 0, 0, 0, 0, 0]",5,0,0,648000.0,0.0,0.0
2025-08-29,2025,8,9,1,3,1,0,250000.0,0.0,750000.0,"[1, 0, 0, 1, 0, 0, 0, 0, 1]",1,0,0,0.0,0.0,120000.0,"[1, 0, 0, 0, 0, 0, 0, 0, 0]",2,0,0,0.0,0.0,28000.0,"[2, 0, 0, 0, 0, 0, 0, 0, 0]",6,1,0,898000.0,250000.0,0.0
2025-09-28,2025,9,10,1,4,1,0,250000.0,0.0,1000000.0,"[1, 0, 0, 1, 0, 0, 0, 0, 1, 1]",1,0,0,0.0,0.0,120000.0,"[1, 0, 0, 0, 0, 0, 0, 0, 0, 0]",2,0,0,0.0,0.0,28000.0,"[2, 0, 0, 0, 0, 0, 0, 0, 0, 0]",7,1,0,1148000.0,250000.0,0.0
2025-10-28,2025,10,11,1,5,1,0,250000.0,0.0,1250000.0,"[1, 0, 0, 1, 0, 0, 0, 0, 1, 1, 1]",1,0,0,0.0,0.0,120000.0,"[1, 0, 0, 0, 0, 0, 0, 0, 0, 0, 0]",2,0,0,0.0,0.0,28000.0,"[2, 0, 0, 0, 0, 0, 0, 0, 0, 0, 0]",8,1,0,1398000.0,250000.0,0.0
2025-11-27,2025,11,12,1,6,1,0,250000.0,0.0,1500000.0,"[1, 0, 0, 1, 0, 0, 0, 0, 1, 1, 1, 1]",1,0,0,0.0,0.0,120000.0,"[1, 0, 0, 0, 0, 0, 0, 0, 0, 0, 0, 0]",2,0,0,0.0,0.0,28000.0,"[2, 0, 0, 0, 0, 0, 0, 0, 0, 0, 0, 0]",9,1,0,1648000.0,250000.0,0.0
2025-12-27,2025,12,13,2,6,0,0,0.0,0.0,1620000.0,"[1, 0, 0, 1, 0, 0, 0, 0, 1, 1, 1, 1, 0]",1,0,0,0.0,0.0,127200.0,"[1, 0, 0, 0, 0, 0, 0, 0, 0, 0, 0, 0, 0]",2,0,0,0.0,0.0,29120.0,"[2, 0, 0, 0, 0, 0, 0, 0, 0, 0, 0, 0, 0]",9,0,0,1776320.0,0.0,0.0
2026-01-26,2026,1,14,2,6,0,0,0.0,0.0,1620000.0,"[1, 0, 0, 1, 0, 0, 0, 0, 1, 1, 1, 1, 0, 0]",1,0,0,0.0,0.0,127200.0,"[1, 0, 0, 0, 0, 0, 0, 0, 0, 0, 0, 0, 0, 0]",2,0,0,0.0,0.0,29120.0,"[2, 0, 0, 0, 0, 0, 0, 0, 0, 0, 0, 0, 0, 0]",9,0,0,1776320.0,0.0,0.0
2026-02-25,2026,2,15,2,6,0,0,0.0,0.0,1620000.0,"[1, 0, 0, 1, 0, 0, 0, 0, 1, 1, 1, 1, 0, 0, 0]",2,1,0,127200.0,0.0,254400.0,"[1, 0, 0, 0, 0, 0, 0, 0, 0, 0, 0, 0, 0, 0, 1]",2,0,0,0.0,0.0,29120.0,"[2, 0, 0, 0, 0, 0, 0, 0, 0, 0, 0, 0, 0, 0, 0]",10,1,0,1903520.0,127200.0,0.0
2026-03-27,2026,3,16,2,7,1,0,270000.0,0.0,1890000.0,"[1, 0, 0, 1, 0, 0, 0, 0, 1, 1, 1, 1, 0, 0, 0, 1]",4,2,0,254400.0,0.0,508800.0,"[1, 0, 0, 0, 0, 0, 0, 0, 0, 0, 0, 0, 0, 0, 1, 2]",2,0,0,0.0,0.0,29120.0,"[2, 0, 0, 0, 0, 0, 0, 0, 0, 0, 0, 0, 0, 0, 0, 0]",13,3,0,2427920.0,524400.0,0.0
2026-04-26,2026,4,17,2,8,1,0,270000.0,0.0,2160000.0,"[1, 0, 0, 1, 0, 0, 0, 0, 1, 1, 1, 1, 0, 0, 0, 1, 1]",6,2,0,254400.0,0.0,763200.0,"[1, 0, 0, 0, 0, 0, 0, 0, 0, 0, 0, 0, 0, 0, 1, 2, 2]",2,0,0,0.0,0.0,29120.0,"[2, 0, 0, 0, 0, 0, 0, 0, 0, 0, 0, 0, 0, 0, 0, 0, 0]",16,3,0,2952320.0,524400.0,0.0
2026-05-26,2026,5,18,2,9,1,0,270000.0,0.0,2430000.0,"[1, 0, 0, 1, 0, 0, 0, 0, 1, 1, 1, 1, 0, 0, 0, 1, 1, 1]",9,3,0,381600.0,0.0,1144800.0,"[1, 0, 0, 0, 0, 0, 0, 0, 0, 0, 0, 0, 0, 0, 1, 2, 2, 3]",2,0,0,0.0,0.0,29120.0,"[2, 0, 0, 0, 0, 0, 0, 0, 0, 0, 0, 0, 0, 0, 0, 0, 0, 0]",20,4,0,3603920.0,651600.0,0.0
2026-06-25,2026,6,19,2,10,1,0,270000.0,0.0,2700000.0,"[1, 0, 0, 1, 0, 0, 0, 0, 1, 1, 1, 1, 0, 0, 0, 1, 1, 1, 1]",12,3,0,381600.0,0.0,1526400.0,"[1, 0, 0, 0, 0, 0, 0, 0, 0, 0, 0, 0, 0, 0, 1, 2, 2, 3, 3]",2,0,0,0.0,0.0,29120.0,"[2, 0, 0, 0, 0, 0, 0, 0, 0, 0, 0, 0, 0, 0, 0, 0, 0, 0, 0]",24,4,0,4255520.0,651600.0,0.0
2026-07-25,2026,7,20,2,11,1,0,270000.0,0.0,2970000.0,"[1, 0, 0, 1, 0, 0, 0, 0, 1, 1, 1, 1, 0, 0, 0, 1, 1, 1, 1, 1]",15,3,0,381600.0,0.0,1908000.0,"[1, 0, 0, 0, 0, 0, 0, 0, 0, 0, 0, 0, 0, 0, 1, 2, 2, 3, 3, 3]",2,0,0,0.0,0.0,29120.0,"[2, 0, 0, 0, 0, 0, 0, 0, 0, 0, 0, 0, 0, 0, 0, 0, 0, 0, 0, 0]",28,4,0,4907120.0,651600.0,0.0
2026-08-24,2026,8,21,2,12,1,0,270000.0,0.0,3240000.0,"[1, 0, 0, 1, 0, 0, 0, 0, 1, 1, 1, 1, 0, 0, 0, 1, 1, 1, 1, 1, 1]",18,3,0,381600.0,0.0,2289600.0,"[1, 0, 0, 0, 0, 0, 0, 0, 0, 0, 0, 0, 0, 0, 1, 2, 2, 3, 3, 3, 3]",3,1,0,14560.0,0.0,43680.0,"[2, 0, 0, 0, 0, 0, 0, 0, 0, 0, 0, 0, 0, 0, 0, 0, 0, 0, 0, 0, 1]",33,5,0,5573280.0,666160.0,0.0
2026-09-23,2026,9,22,2,13,1,0,270000.0,0.0,3510000.0,"[1, 0, 0, 1, 0, 0, 0, 0, 1, 1, 1, 1, 0, 0, 0, 1, 1, 1, 1, 1, 1, 1]",23,5,0,636000.0,0.0,2925600.0,"[1, 0, 0, 0, 0, 0, 0, 0, 0, 0, 0, 0, 0, 0, 1, 2, 2, 3, 3, 3, 3, 5]",4,1,0,14560.0,0.0,58240.0,"[2, 0, 0, 0, 0, 0, 0, 0, 0, 0, 0, 0, 0, 0, 0, 0, 0, 0, 0, 0, 1, 1]",40,7,0,6493840.0,920560.0,0.0
2026-10-23,2026,10,23,2,14,1,0,270000.0,0.0,3780000.0,"[1, 0, 0, 1, 0, 0, 0, 0, 1, 1, 1, 1, 0, 0, 0, 1, 1, 1, 1, 1, 1, 1, 1]",29,6,0,763200.0,0.0,3688800.0,"[1, 0, 0, 0, 0, 0, 0, 0, 0, 0, 0, 0, 0, 0, 1, 2, 2, 3, 3, 3, 3, 5, 6]",5,1,0,14560.0,0.0,72800.0,"[2, 0, 0, 0, 0, 0, 0, 0, 0, 0, 0, 0, 0, 0, 0, 0, 0, 0, 0, 0, 1, 1, 1]",48,8,0,7541600.0,1047760.0,0.0
2026-11-22,2026,11,24,2,15,1,0,270000.0,0.0,4050000.0,"[1, 0, 0, 1, 0, 0, 0, 0, 1, 1, 1, 1, 0, 0, 0, 1, 1, 1, 1, 1, 1, 1, 1, 1]",34,5,0,636000.0,0.0,4324800.0,"[1, 0, 0, 0, 0, 0, 0, 0, 0, 0, 0, 0, 0, 0, 1, 2, 2, 3, 3, 3, 3, 5, 6, 5]",6,1,0,14560.0,0.0,87360.0,"[2, 0, 0, 0, 0, 0, 0, 0, 0, 0, 0, 0, 0, 0, 0, 0, 0, 0, 0, 0, 1, 1, 1, 1]",55,7,0,8462160.0,920560.0,0.0
2026-12-22,2026,12,25,3,15,0,0,0.0,0.0,4374000.0,"[1, 0, 0, 1, 0, 0, 0, 0, 1, 1, 1, 1, 0, 0, 0, 1, 1, 1, 1, 1, 1, 1, 1, 1, 0]",34,0,0,0.0,0.0,4584288.0,"[1, 0, 0, 0, 0, 0, 0, 0, 0, 0, 0, 0, 0, 0, 1, 2, 2, 3, 3, 3, 3, 5, 6, 5, 0]",6,0,0,0.0,0.0,90854.4,"[2, 0, 0, 0, 0, 0, 0, 0, 0, 0, 0, 0, 0, 0, 0, 0, 0, 0, 0, 0, 1, 1, 1, 1, 0]",55,0,0,9049142.4,0.0,0.0
2027-01-21,2027,1,26,3,15,0,0,0.0,0.0,4374000.0,"[1, 0, 0, 1, 0, 0, 0, 0, 1, 1, 1, 1, 0, 0, 0, 1, 1, 1, 1, 1, 1, 1, 1, 1, 0, 0]",34,0,0,0.0,0.0,4584288.0,"[1, 0, 0, 0, 0, 0, 0, 0, 0, 0, 0, 0, 0, 0, 1, 2, 2, 3, 3, 3, 3, 5, 6, 5, 0, 0]",6,0,0,0.0,0.0,90854.4,"[2, 0, 0, 0, 0, 0, 0, 0, 0, 0, 0, 0, 0, 0, 0, 0, 0, 0, 0, 0, 1, 1, 1, 1, 0, 0]",55,0,0,9049142.4,0.0,0.0
2027-02-20,2027,2,27,3,15,0,0,0.0,0.0,4374000.0,"[1, 0, 0, 1, 0, 0, 0, 0, 1, 1, 1, 1, 0, 0, 0, 1, 1, 1, 1, 1, 1, 1, 1, 1, 0, 0, 0]",34,0,0,0.0,0.0,4584288.0,"[1, 0, 0, 0, 0, 0, 0, 0, 0, 0, 0, 0, 0, 0, 1, 2, 2, 3, 3, 3, 3, 5, 6, 5, 0, 0, 0]",6,0,0,0.0,0.0,90854.4,"[2, 0, 0, 0, 0, 0, 0, 0, 0, 0, 0, 0, 0, 0, 0, 0, 0, 0, 0, 0, 1, 1, 1, 1, 0, 0, 0]",55,0,0,9049142.4,0.0,0.0
2027-03-22,2027,3,28,3,15,0,0,0.0,0.0,4374000.0,"[1, 0, 0, 1, 0, 0, 0, 0, 1, 1, 1, 1, 0, 0, 0, 1, 1, 1, 1, 1, 1, 1, 1, 1, 0, 0, 0, 0]",35,1,0,134832.0,0.0,4719120.0,"[1, 0, 0, 0, 0, 0, 0, 0, 0, 0, 0, 0, 0, 0, 1, 2, 2, 3, 3, 3, 3, 5, 6, 5, 0, 0, 0, 1]",7,1,0,15142.4,0.0,105996.79999999999,"[2, 0, 0, 0, 0, 0, 0, 0, 0, 0, 0, 0, 0, 0, 0, 0, 0, 0, 0, 0, 1, 1, 1, 1, 0, 0, 0, 1]",57,2,0,9199116.8,149974.4,0.0
2027-04-21,2027,4,29,3,15,0,0,0.0,0.0,4374000.0,"[1, 0, 0, 1, 0, 0, 0, 0, 1, 1, 1, 1, 0, 0, 0, 1, 1, 1, 1, 1, 1, 1, 1, 1, 0, 0, 0, 0, 0]",37,2,0,269664.0,0.0,4988784.0,"[1, 0, 0, 0, 0, 0, 0, 0, 0, 0, 0, 0, 0, 0, 1, 2, 2, 3, 3, 3, 3, 5, 6, 5, 0, 0, 0, 1, 2]",9,2,0,30284.799999999996,0.0,136281.59999999998,"[2, 0, 0, 0, 0, 0, 0, 0, 0, 0, 0, 0, 0, 0, 0, 0, 0, 0, 0, 0, 1, 1, 1, 1, 0, 0, 0, 1, 2]",61,4,0,9499065.6,299948.8,0.0
2027-05-21,2027,5,30,3,15,0,0,0.0,0.0,4374000.0,"[1, 0, 0, 1, 0, 0, 0, 0, 1, 1, 1, 1, 0, 0, 0, 1, 1, 1, 1, 1, 1, 1, 1, 1, 0, 0, 0, 0, 0, 0]",40,3,0,404496.0,0.0,5393280.0,"[1, 0, 0, 0, 0, 0, 0, 0, 0, 0, 0, 0, 0, 0, 1, 2, 2, 3, 3, 3, 3, 5, 6, 5, 0, 0, 0, 1, 2, 3]",11,2,0,30284.799999999996,0.0,166566.39999999997,"[2, 0, 0, 0, 0, 0, 0, 0, 0, 0, 0, 0, 0, 0, 0, 0, 0, 0, 0, 0, 1, 1, 1, 1, 0, 0, 0, 1, 2, 2]",66,5,0,9933846.4,434780.8,0.0
2027-06-20,2027,6,31,3,16,1,0,291600.0,0.0,4665600.0,"[1, 0, 0, 1, 0, 0, 0, 0, 1, 1, 1, 1, 0, 0, 0, 1, 1, 1, 1, 1, 1, 1, 1, 1, 0, 0, 0, 0, 0, 0, 1]",43,3,0,404496.0,0.0,5797776.0,"[1, 0, 0, 0, 0, 0, 0, 0, 0, 0, 0, 0, 0, 0, 1, 2, 2, 3, 3, 3, 3, 5, 6, 5, 0, 0, 0, 1, 2, 3, 3]",14,3,0,45427.19999999999,0.0,211993.59999999995,"[2, 0, 0, 0, 0, 0, 0, 0, 0, 0, 0, 0, 0, 0, 0, 0, 0, 0, 0, 0, 1, 1, 1, 1, 0, 0, 0, 1, 2, 2, 3]",73,7,0,10675369.6,741523.2,0.0
2027-07-20,2027,7,32,3,17,1,0,291600.0,0.0,4957200.0,"[1, 0, 0, 1, 0, 0, 0, 0, 1, 1, 1, 1, 0, 0, 0, 1, 1, 1, 1, 1, 1, 1, 1, 1, 0, 0, 0, 0, 0, 0, 1, 1]",47,4,0,539328.0,0.0,6337104.0,"[1, 0, 0, 0, 0, 0, 0, 0, 0, 0, 0, 0, 0, 0, 1, 2, 2, 3, 3, 3, 3, 5, 6, 5, 0, 0, 0, 1, 2, 3, 3, 4]",17,3,0,45427.19999999999,0.0,257420.79999999993,"[2, 0, 0, 0, 0, 0, 0, 0, 0, 0, 0, 0, 0, 0, 0, 0, 0, 0, 0, 0, 1, 1, 1, 1, 0, 0, 0, 1, 2, 2, 3, 3]",81,8,0,11551724.8,876355.2,0.0
2027-08-19,2027,8,33,3,18,1,0,291600.0,0.0,5248800.0,"[1, 0, 0, 1, 0, 0, 0, 0, 1, 1, 1, 1, 0, 0, 0, 1, 1, 1, 1, 1, 1, 1, 1, 1, 0, 0, 0, 0, 0, 0, 1, 1, 1]",52,5,0,674160.0,0.0,7011264.0,"[1, 0, 0, 0, 0, 0, 0, 0, 0, 0, 0, 0, 0, 0, 1, 2, 2, 3, 3, 3, 3, 5, 6, 5, 0, 0, 0, 1, 2, 3, 3, 4, 5]",21,4,0,60569.599999999984,0.0,317990.3999999999,"[2, 0, 0, 0, 0, 0, 0, 0, 0, 0, 0, 0, 0, 0, 0, 0, 0, 0, 0, 0, 1, 1, 1, 1, 0, 0, 0, 1, 2, 2, 3, 3, 4]",91,10,0,12578054.4,1026329.6,0.0
2027-09-18,2027,9,34,3,19,1,0,291600.0,0.0,5540400.0,"[1, 0, 0, 1, 0, 0, 0, 0, 1, 1, 1, 1, 0, 0, 0, 1, 1, 1, 1, 1, 1, 1, 1, 1, 0, 0, 0, 0, 0, 0, 1, 1, 1, 1]",59,7,0,943824.0,0.0,7955088.0,"[1, 0, 0, 0, 0, 0, 0, 0, 0, 0, 0, 0, 0, 0, 1, 2, 2, 3, 3, 3, 3, 5, 6, 5, 0, 0, 0, 1, 2, 3, 3, 4, 5, 7]",27,6,0,90854.39999999998,0.0,408844.7999999999,"[2, 0, 0, 0, 0, 0, 0, 0, 0, 0, 0, 0, 0, 0, 0, 0, 0, 0, 0, 0, 1, 1, 1, 1, 0, 0, 0, 1, 2, 2, 3, 3, 4, 6]",105,14,0,13904332.8,1326278.4,0.0
2027-10-18,2027,10,35,3,20,1,0,291600.0,0.0,5832000.0,"[1, 0, 0, 1, 0, 0, 0, 0, 1, 1, 1, 1, 0, 0, 0, 1, 1, 1, 1, 1, 1, 1, 1, 1, 0, 0, 0, 0, 0, 0, 1, 1, 1, 1, 1]",67,8,0,1078656.0,0.0,9033744.0,"[1, 0, 0, 0, 0, 0, 0, 0, 0, 0, 0, 0, 0, 0, 1, 2, 2, 3, 3, 3, 3, 5, 6, 5, 0, 0, 0, 1, 2, 3, 3, 4, 5, 7, 8]",34,7,0,105996.79999999997,0.0,514841.59999999986,"[2, 0, 0, 0, 0, 0, 0, 0, 0, 0, 0, 0, 0, 0, 0, 0, 0, 0, 0, 0, 1, 1, 1, 1, 0, 0, 0, 1, 2, 2, 3, 3, 4, 6, 7]",121,16,0,15380585.6,1476252.8,0.0
2027-11-17,2027,11,36,3,21,1,0,291600.0,0.0,6123600.0,"[1, 0, 0, 1, 0, 0, 0, 0, 1, 1, 1, 1, 0, 0, 0, 1, 1, 1, 1, 1, 1, 1, 1, 1, 0, 0, 0, 0, 0, 0, 1, 1, 1, 1, 1, 1]",75,8,0,1078656.0,0.0,10112400.0,"[1, 0, 0, 0, 0, 0, 0, 0, 0, 0, 0, 0, 0, 0, 1, 2, 2, 3, 3, 3, 3, 5, 6, 5, 0, 0, 0, 1, 2, 3, 3, 4, 5, 7, 8, 8]",40,6,0,90854.39999999998,0.0,605695.9999999999,"[2, 0, 0, 0, 0, 0, 0, 0, 0, 0, 0, 0, 0, 0, 0, 0, 0, 0, 0, 0, 1, 1, 1, 1, 0, 0, 0, 1, 2, 2, 3, 3, 4, 6, 7, 6]",136,15,0,16841696.0,1461110.4,0.0
2027-12-17,2027,12,37,4,21,0,0,0.0,0.0,6613488.0,"[1, 0, 0, 1, 0, 0, 0, 0, 1, 1, 1, 1, 0, 0, 0, 1, 1, 1, 1, 1, 1, 1, 1, 1, 0, 0, 0, 0, 0, 0, 1, 1, 1, 1, 1, 1, 0]",75,0,0,0.0,0.0,10719144.0,"[1, 0, 0, 0, 0, 0, 0, 0, 0, 0, 0, 0, 0, 0, 1, 2, 2, 3, 3, 3, 3, 5, 6, 5, 0, 0, 0, 1, 2, 3, 3, 4, 5, 7, 8, 8, 0]",40,0,0,0.0,0.0,629923.8399999999,"[2, 0, 0, 0, 0, 0, 0, 0, 0, 0, 0, 0, 0, 0, 0, 0, 0, 0, 0, 0, 1, 1, 1, 1, 0, 0, 0, 1, 2, 2, 3, 3, 4, 6, 7, 6, 0]",136,0,0,17962555.84,0.0,0.0
2028-01-16,2028,1,38,4,21,0,0,0.0,0.0,6613488.0,"[1, 0, 0, 1, 0, 0, 0, 0, 1, 1, 1, 1, 0, 0, 0, 1, 1, 1, 1, 1, 1, 1, 1, 1, 0, 0, 0, 0, 0, 0, 1, 1, 1, 1, 1, 1, 0, 0]",75,0,0,0.0,0.0,10719144.0,"[1, 0, 0, 0, 0, 0, 0, 0, 0, 0, 0, 0, 0, 0, 1, 2, 2, 3, 3, 3, 3, 5, 6, 5, 0, 0, 0, 1, 2, 3, 3, 4, 5, 7, 8, 8, 0, 0]",40,0,0,0.0,0.0,629923.8399999999,"[2, 0, 0, 0, 0, 0, 0, 0, 0, 0, 0, 0, 0, 0, 0, 0, 0, 0, 0, 0, 1, 1, 1, 1, 0, 0, 0, 1, 2, 2, 3, 3, 4, 6, 7, 6, 0, 0]",136,0,0,17962555.84,0.0,0.0
2028-02-15,2028,2,39,4,21,0,0,0.0,0.0,6613488.0,"[1, 0, 0, 1, 0, 0, 0, 0, 1, 1, 1, 1, 0, 0, 0, 1, 1, 1, 1, 1, 1, 1, 1, 1, 0, 0, 0, 0, 0, 0, 1, 1, 1, 1, 1, 1, 0, 0, 0]",76,1,0,142921.92,0.0,10862065.92,"[1, 0, 0, 0, 0, 0, 0, 0, 0, 0, 0, 0, 0, 0, 1, 2, 2, 3, 3, 3, 3, 5, 6, 5, 0, 0, 0, 1, 2, 3, 3, 4, 5, 7, 8, 8, 0, 0, 1]",41,1,0,15748.095999999996,0.0,645671.9359999999,"[2, 0, 0, 0, 0, 0, 0, 0, 0, 0, 0, 0, 0, 0, 0, 0, 0, 0, 0, 0, 1, 1, 1, 1, 0, 0, 0, 1, 2, 2, 3, 3, 4, 6, 7, 6, 0, 0, 1]",138,2,0,18121225.856000002,158670.016,0.0
2028-03-16,2028,3,40,4,21,0,0,0.0,0.0,6613488.0,"[1, 0, 0, 1, 0, 0, 0, 0, 1, 1, 1, 1, 0, 0, 0, 1, 1, 1, 1, 1, 1, 1, 1, 1, 0, 0, 0, 0, 0, 0, 1, 1, 1, 1, 1, 1, 0, 0, 0, 0]",77,1,0,142921.92,0.0,11004987.84,"[1, 0, 0, 0, 0, 0, 0, 0, 0, 0, 0, 0, 0, 0, 1, 2, 2, 3, 3, 3, 3, 5, 6, 5, 0, 0, 0, 1, 2, 3, 3, 4, 5, 7, 8, 8, 0, 0, 1, 1]",42,1,0,15748.095999999998,0.0,661420.0319999999,"[2, 0, 0, 0, 0, 0, 0, 0, 0, 0, 0, 0, 0, 0, 0, 0, 0, 0, 0, 0, 1, 1, 1, 1, 0, 0, 0, 1, 2, 2, 3, 3, 4, 6, 7, 6, 0, 0, 1, 1]",140,2,0,18279895.872,158670.016,0.0
2028-04-15,2028,4,41,4,21,0,0,0.0,0.0,6613488.0,"[1, 0, 0, 1, 0, 0, 0, 0, 1, 1, 1, 1, 0, 0, 0, 1, 1, 1, 1, 1, 1, 1, 1, 1, 0, 0, 0, 0, 0, 0, 1, 1, 1, 1, 1, 1, 0, 0, 0, 0, 0]",78,2,1,285843.83999999997,142921.91999999998,11147909.76,"[1, 0, 0, 0, 0, 0, 0, 0, 0, 0, 0, 0, 0, 0, 1, 2, 2, 3, 3, 3, 3, 5, 5, 5, 0, 0, 0, 1, 2, 3, 3, 4, 5, 7, 8, 8, 0, 0, 1, 1, 2]",45,3,0,47244.28799999999,0.0,708664.3199999998,"[2, 0, 0, 0, 0, 0, 0, 0, 0, 0, 0, 0, 0, 0, 0, 0, 0, 0, 0, 0, 1, 1, 1, 1, 0, 0, 0, 1, 2, 2, 3, 3, 4, 6, 7, 6, 0, 0, 1, 1, 3]",144,5,1,18470062.08,333088.12799999997,142921.91999999998
2028-05-15,2028,5,42,4,21,0,0,0.0,0.0,6613488.0,"[1, 0, 0, 1, 0, 0, 0, 0, 1, 1, 1, 1, 0, 0, 0, 1, 1, 1, 1, 1, 1, 1, 1, 1, 0, 0, 0, 0, 0, 0, 1, 1, 1, 1, 1, 1, 0, 0, 0, 0, 0, 0]",81,3,0,428765.75999999995,0.0,11576675.52,"[1, 0, 0, 0, 0, 0, 0, 0, 0, 0, 0, 0, 0, 0, 1, 2, 2, 3, 3, 3, 3, 5, 5, 5, 0, 0, 0, 1, 2, 3, 3, 4, 5, 7, 8, 8, 0, 0, 1, 1, 2, 3]",49,4,0,62992.383999999984,0.0,771656.7039999998,"[2, 0, 0, 0, 0, 0, 0, 0, 0, 0, 0, 0, 0, 0, 0, 0, 0, 0, 0, 0, 1, 1, 1, 1, 0, 0, 0, 1, 2, 2, 3, 3, 4, 6, 7, 6, 0, 0, 1, 1, 3, 4]",151,7,0,18961820.224,491758.1439999999,0.0
2028-06-14,2028,6,43,4,22,1,0,314928.0,0.0,6928416.0,"[1, 0, 0, 1, 0, 0, 0, 0, 1, 1, 1, 1, 0, 0, 0, 1, 1, 1, 1, 1, 1, 1, 1, 1, 0, 0, 0, 0, 0, 0, 1, 1, 1, 1, 1, 1, 0, 0, 0, 0, 0, 0, 1]",84,3,0,428765.75999999995,0.0,12005441.28,"[1, 0, 0, 0, 0, 0, 0, 0, 0, 0, 0, 0, 0, 0, 1, 2, 2, 3, 3, 3, 3, 5, 5, 5, 0, 0, 0, 1, 2, 3, 3, 4, 5, 7, 8, 8, 0, 0, 1, 1, 2, 3, 3]",54,5,0,78740.47999999998,0.0,850397.1839999998,"[2, 0, 0, 0, 0, 0, 0, 0, 0, 0, 0, 0, 0, 0, 0, 0, 0, 0, 0, 0, 1, 1, 1, 1, 0, 0, 0, 1, 2, 2, 3, 3, 4, 6, 7, 6, 0, 0, 1, 1, 3, 4, 5]",160,9,0,19784254.464,822434.24,0.0
2028-07-14,2028,7,44,4,23,1,0,314928.0,0.0,7243344.0,"[1, 0, 0, 1, 0, 0, 0, 0, 1, 1, 1, 1, 0, 0, 0, 1, 1, 1, 1, 1, 1, 1, 1, 1, 0, 0, 0, 0, 0, 0, 1, 1, 1, 1, 1, 1, 0, 0, 0, 0, 0, 0, 1, 1]",87,3,0,428765.75999999995,0.0,12434207.04,"[1, 0, 0, 0, 0, 0, 0, 0, 0, 0, 0, 0, 0, 0, 1, 2, 2, 3, 3, 3, 3, 5, 5, 5, 0, 0, 0, 1, 2, 3, 3, 4, 5, 7, 8, 8, 0, 0, 1, 1, 2, 3, 3, 3]",59,5,0,78740.47999999998,0.0,929137.6639999998,"[2, 0, 0, 0, 0, 0, 0, 0, 0, 0, 0, 0, 0, 0, 0, 0, 0, 0, 0, 0, 1, 1, 1, 1, 0, 0, 0, 1, 2, 2, 3, 3, 4, 6, 7, 6, 0, 0, 1, 1, 3, 4, 5, 5]",169,9,0,20606688.704,822434.24,0.0
2028-08-13,2028,8,45,4,24,1,0,314928.0,0.0,7558272.0,"[1, 0, 0, 1, 0, 0, 0, 0, 1, 1, 1, 1, 0, 0, 0, 1, 1, 1, 1, 1, 1, 1, 1, 1, 0, 0, 0, 0, 0, 0, 1, 1, 1, 1, 1, 1, 0, 0, 0, 0, 0, 0, 1, 1, 1]",92,5,0,714609.5999999999,0.0,13148816.639999999,"[1, 0, 0, 0, 0, 0, 0, 0, 0, 0, 0, 0, 0, 0, 1, 2, 2, 3, 3, 3, 3, 5, 5, 5, 0, 0, 0, 1, 2, 3, 3, 4, 5, 7, 8, 8, 0, 0, 1, 1, 2, 3, 3, 3, 5]",65,7,1,110236.67199999998,15748.095999999996,1023626.2399999998,"[2, 0, 0, 0, 0, 0, 0, 0, 0, 0, 0, 0, 0, 0, 0, 0, 0, 0, 0, 0, 1, 1, 1, 1, 0, 0, 0, 1, 2, 2, 3, 3, 3, 6, 7, 6, 0, 0, 1, 1, 3, 4, 5, 5, 7]",181,13,1,21730714.88,1139774.2719999999,15748.095999999996
2028-09-12,2028,9,46,4,25,1,0,314928.0,0.0,7873200.0,"[1, 0, 0, 1, 0, 0, 0, 0, 1, 1, 1, 1, 0, 0, 0, 1, 1, 1, 1, 1, 1, 1, 1, 1, 0, 0, 0, 0, 0, 0, 1, 1, 1, 1, 1, 1, 0, 0, 0, 0, 0, 0, 1, 1, 1, 1]",99,7,0,1000453.44,0.0,14149270.079999998,"[1, 0, 0, 0, 0, 0, 0, 0, 0, 0, 0, 0, 0, 0, 1, 2, 2, 3, 3, 3, 3, 5, 5, 5, 0, 0, 0, 1, 2, 3, 3, 4, 5, 7, 8, 8, 0, 0, 1, 1, 2, 3, 3, 3, 5, 7]",73,9,1,141732.86399999997,15748.095999999996,1149611.008,"[2, 0, 0, 0, 0, 0, 0, 0, 0, 0, 0, 0, 0, 0, 0, 0, 0, 0, 0, 0, 1, 1, 1, 1, 0, 0, 0, 1, 2, 2, 3, 3, 3, 5, 7, 6, 0, 0, 1, 1, 3, 4, 5, 5, 7, 9]",197,17,1,23172081.088,1457114.304,15748.095999999996
2028-10-12,2028,10,47,4,26,1,0,314928.0,0.0,8188128.0,"[1, 0, 0, 1, 0, 0, 0, 0, 1, 1, 1, 1, 0, 0, 0, 1, 1, 1, 1, 1, 1, 1, 1, 1, 0, 0, 0, 0, 0, 0, 1, 1, 1, 1, 1, 1, 0, 0, 0, 0, 0, 0, 1, 1, 1, 1, 1]",107,8,0,1143375.3599999999,0.0,15292645.439999998,"[1, 0, 0, 0, 0, 0, 0, 0, 0, 0, 0, 0, 0, 0, 1, 2, 2, 3, 3, 3, 3, 5, 5, 5, 0, 0, 0, 1, 2, 3, 3, 4, 5, 7, 8, 8, 0, 0, 1, 1, 2, 3, 3, 3, 5, 7, 8]",83,11,1,173229.05599999998,15748.096,1307091.9679999999,"[2, 0, 0, 0, 0, 0, 0, 0, 0, 0, 0, 0, 0, 0, 0, 0, 0, 0, 0, 0, 1, 1, 1, 1, 0, 0, 0, 1, 2, 2, 3, 3, 3, 5, 6, 6, 0, 0, 1, 1, 3, 4, 5, 5, 7, 9, 11]",216,20,1,24787865.407999996,1631532.4159999997,15748.096
2028-11-11,2028,11,48,4,27,1,0,314928.0,0.0,8503056.0,"[1, 0, 0, 1, 0, 0, 0, 0, 1, 1, 1, 1, 0, 0, 0, 1, 1, 1, 1, 1, 1, 1, 1, 1, 0, 0, 0, 0, 0, 0, 1, 1, 1, 1, 1, 1, 0, 0, 0, 0, 0, 0, 1, 1, 1, 1, 1, 1]",115,8,0,1143375.3599999999,0.0,16436020.799999997,"[1, 0, 0, 0, 0, 0, 0, 0, 0, 0, 0, 0, 0, 0, 1, 2, 2, 3, 3, 3, 3, 5, 5, 5, 0, 0, 0, 1, 2, 3, 3, 4, 5, 7, 8, 8, 0, 0, 1, 1, 2, 3, 3, 3, 5, 7, 8, 8]",92,10,1,157480.95999999996,15748.095999999998,1448824.832,"[2, 0, 0, 0, 0, 0, 0, 0, 0, 0, 0, 0, 0, 0, 0, 0, 0, 0, 0, 0, 1, 1, 1, 1, 0, 0, 0, 1, 2, 2, 3, 3, 3, 5, 6, 5, 0, 0, 1, 1, 3, 4, 5, 5, 7, 9, 11, 10]",234,19,1,26387901.631999996,1615784.3199999998,15748.095999999998
2028-12-11,2028,12,49,5,27,0,0,0.0,0.0,9183300.48,"[1, 0, 0, 1, 0, 0, 0, 0, 1, 1, 1, 1, 0, 0, 0, 1, 1, 1, 1, 1, 1, 1, 1, 1, 0, 0, 0, 0, 0, 0, 1, 1, 1, 1, 1, 1, 0, 0, 0, 0, 0, 0, 1, 1, 1, 1, 1, 1, 0]",115,0,0,0.0,0.0,17422182.047999997,"[1, 0, 0, 0, 0, 0, 0, 0, 0, 0, 0, 0, 0, 0, 1, 2, 2, 3, 3, 3, 3, 5, 5, 5, 0, 0, 0, 1, 2, 3, 3, 4, 5, 7, 8, 8, 0, 0, 1, 1, 2, 3, 3, 3, 5, 7, 8, 8, 0]",92,0,0,0.0,0.0,1506777.82528,"[2, 0, 0, 0, 0, 0, 0, 0, 0, 0, 0, 0, 0, 0, 0, 0, 0, 0, 0, 0, 1, 1, 1, 1, 0, 0, 0, 1, 2, 2, 3, 3, 3, 5, 6, 5, 0, 0, 1, 1, 3, 4, 5, 5, 7, 9, 11, 10, 0]",234,0,0,28112260.353279997,0.0,0.0
2029-01-10,2029,1,50,5,27,0,0,0.0,0.0,9183300.48,"[1, 0, 0, 1, 0, 0, 0, 0, 1, 1, 1, 1, 0, 0, 0, 1, 1, 1, 1, 1, 1, 1, 1, 1, 0, 0, 0, 0, 0, 0, 1, 1, 1, 1, 1, 1, 0, 0, 0, 0, 0, 0, 1, 1, 1, 1, 1, 1, 0, 0]",115,0,0,0.0,0.0,17422182.047999997,"[1, 0, 0, 0, 0, 0, 0, 0, 0, 0, 0, 0, 0, 0, 1, 2, 2, 3, 3, 3, 3, 5, 5, 5, 0, 0, 0, 1, 2, 3, 3, 4, 5, 7, 8, 8, 0, 0, 1, 1, 2, 3, 3, 3, 5, 7, 8, 8, 0, 0]",92,0,0,0.0,0.0,1506777.82528,"[2, 0, 0, 0, 0, 0, 0, 0, 0, 0, 0, 0, 0, 0, 0, 0, 0, 0, 0, 0, 1, 1, 1, 1, 0, 0, 0, 1, 2, 2, 3, 3, 3, 5, 6, 5, 0, 0, 1, 1, 3, 4, 5, 5, 7, 9, 11, 10, 0, 0]",234,0,0,28112260.353279997,0.0,0.0
2029-02-09,2029,2,51,5,27,0,0,0.0,0.0,9183300.48,"[1, 0, 0, 1, 0, 0, 0, 0, 1, 1, 1, 1, 0, 0, 0, 1, 1, 1, 1, 1, 1, 1, 1, 1, 0, 0, 0, 0, 0, 0, 1, 1, 1, 1, 1, 1, 0, 0, 0, 0, 0, 0, 1, 1, 1, 1, 1, 1, 0, 0, 0]",116,1,0,151497.23519999997,0.0,17573679.283199996,"[1, 0, 0, 0, 0, 0, 0, 0, 0, 0, 0, 0, 0, 0, 1, 2, 2, 3, 3, 3, 3, 5, 5, 5, 0, 0, 0, 1, 2, 3, 3, 4, 5, 7, 8, 8, 0, 0, 1, 1, 2, 3, 3, 3, 5, 7, 8, 8, 0, 0, 1]",93,1,0,16378.019839999999,0.0,1523155.84512,"[2, 0, 0, 0, 0, 0, 0, 0, 0, 0, 0, 0, 0, 0, 0, 0, 0, 0, 0, 0, 1, 1, 1, 1, 0, 0, 0, 1, 2, 2, 3, 3, 3, 5, 6, 5, 0, 0, 1, 1, 3, 4, 5, 5, 7, 9, 11, 10, 0, 0, 1]",236,2,0,28280135.608319998,167875.25503999996,0.0
2029-03-11,2029,3,52,5,27,0,0,0.0,0.0,9183300.48,"[1, 0, 0, 1, 0, 0, 0, 0, 1, 1, 1, 1, 0, 0, 0, 1, 1, 1, 1, 1, 1, 1, 1, 1, 0, 0, 0, 0, 0, 0, 1, 1, 1, 1, 1, 1, 0, 0, 0, 0, 0, 0, 1, 1, 1, 1, 1, 1, 0, 0, 0, 0]",117,2,1,302994.47039999993,151497.23519999997,17725176.518399995,"[1, 0, 0, 0, 0, 0, 0, 0, 0, 0, 0, 0, 0, 0, 1, 2, 2, 3, 3, 3, 3, 5, 5, 5, 0, 0, 0, 1, 2, 3, 3, 4, 5, 6, 8, 8, 0, 0, 1, 1, 2, 3, 3, 3, 5, 7, 8, 8, 0, 0, 1, 2]",95,2,0,32756.039679999998,0.0,1555911.8847999999,"[2, 0, 0, 0, 0, 0, 0, 0, 0, 0, 0, 0, 0, 0, 0, 0, 0, 0, 0, 0, 1, 1, 1, 1, 0, 0, 0, 1, 2, 2, 3, 3, 3, 5, 6, 5, 0, 0, 1, 1, 3, 4, 5, 5, 7, 9, 11, 10, 0, 0, 1, 2]",239,4,1,28464388.883199994,335750.5100799999,151497.23519999997
2029-04-10,2029,4,53,5,27,0,0,0.0,0.0,9183300.48,"[1, 0, 0, 1, 0, 0, 0, 0, 1, 1, 1, 1, 0, 0, 0, 1, 1, 1, 1, 1, 1, 1, 1, 1, 0, 0, 0, 0, 0, 0, 1, 1, 1, 1, 1, 1, 0, 0, 0, 0, 0, 0, 1, 1, 1, 1, 1, 1, 0, 0, 0, 0, 0]",118,2,1,302994.47039999993,151497.23519999997,17876673.753599994,"[1, 0, 0, 0, 0, 0, 0, 0, 0, 0, 0, 0, 0, 0, 1, 2, 2, 3, 3, 3, 3, 5, 5, 5, 0, 0, 0, 1, 2, 3, 3, 4, 5, 6, 7, 8, 0, 0, 1, 1, 2, 3, 3, 3, 5, 7, 8, 8, 0, 0, 1, 2, 2]",98,3,0,49134.059519999995,0.0,1605045.9443199998,"[2, 0, 0, 0, 0, 0, 0, 0, 0, 0, 0, 0, 0, 0, 0, 0, 0, 0, 0, 0, 1, 1, 1, 1, 0, 0, 0, 1, 2, 2, 3, 3, 3, 5, 6, 5, 0, 0, 1, 1, 3, 4, 5, 5, 7, 9, 11, 10, 0, 0, 1, 2, 3]",243,5,1,28665020.177919995,352128.52991999994,151497.23519999997
2029-05-10,2029,5,54,5,27,0,0,0.0,0.0,9183300.48,"[1, 0, 0, 1, 0, 0, 0, 0, 1, 1, 1, 1, 0, 0, 0, 1, 1, 1, 1, 1, 1, 1, 1, 1, 0, 0, 0, 0, 0, 0, 1, 1, 1, 1, 1, 1, 0, 0, 0, 0, 0, 0, 1, 1, 1, 1, 1, 1, 0, 0, 0, 0, 0, 0]",120,3,1,454491.7055999998,151497.23519999994,18179668.223999996,"[1, 0, 0, 0, 0, 0, 0, 0, 0, 0, 0, 0, 0, 0, 1, 2, 2, 3, 3, 3, 3, 5, 5, 5, 0, 0, 0, 1, 2, 3, 3, 4, 5, 6, 7, 7, 0, 0, 1, 1, 2, 3, 3, 3, 5, 7, 8, 8, 0, 0, 1, 2, 2, 3]",102,5,1,81890.09919999998,16378.019839999997,1670558.0236799999,"[2, 0, 0, 0, 0, 0, 0, 0, 0, 0, 0, 0, 0, 0, 0, 0, 0, 0, 0, 0, 1, 1, 1, 1, 0, 0, 0, 1, 2, 2, 3, 3, 3, 5, 6, 5, 0, 0, 1, 1, 3, 3, 5, 5, 7, 9, 11, 10, 0, 0, 1, 2, 3, 5]",249,8,2,29033526.727679998,536381.8047999998,167875.25503999993
2029-06-09,2029,6,55,5,28,1,0,340122.24,0.0,9523422.72,"[1, 0, 0, 1, 0, 0, 0, 0, 1, 1, 1, 1, 0, 0, 0, 1, 1, 1, 1, 1, 1, 1, 1, 1, 0, 0, 0, 0, 0, 0, 1, 1, 1, 1, 1, 1, 0, 0, 0, 0, 0, 0, 1, 1, 1, 1, 1, 1, 0, 0, 0, 0, 0, 0, 1]",123,3,0,454491.70559999987,0.0,18634159.929599997,"[1, 0, 0, 0, 0, 0, 0, 0, 0, 0, 0, 0, 0, 0, 1, 2, 2, 3, 3, 3, 3, 5, 5, 5, 0, 0, 0, 1, 2, 3, 3, 4, 5, 6, 7, 7, 0, 0, 1, 1, 2, 3, 3, 3, 5, 7, 8, 8, 0, 0, 1, 2, 2, 3, 3]",107,6,1,98268.11903999999,16378.019839999999,1752448.12288,"[2, 0, 0, 0, 0, 0, 0, 0, 0, 0, 0, 0, 0, 0, 0, 0, 0, 0, 0, 0, 1, 1, 1, 1, 0, 0, 0, 1, 2, 2, 3, 3, 3, 5, 6, 5, 0, 0, 1, 1, 3, 3, 4, 5, 7, 9, 11, 10, 0, 0, 1, 2, 3, 5, 6]",258,10,1,29910030.77248,892882.0646399999,16378.019839999999
2029-07-09,2029,7,56,5,29,1,0,340122.24000000005,0.0,9863544.96,"[1, 0, 0, 1, 0, 0, 0, 0, 1, 1, 1, 1, 0, 0, 0, 1, 1, 1, 1, 1, 1, 1, 1, 1, 0, 0, 0, 0, 0, 0, 1, 1, 1, 1, 1, 1, 0, 0, 0, 0, 0, 0, 1, 1, 1, 1, 1, 1, 0, 0, 0, 0, 0, 0, 1, 1]",126,3,0,454491.70559999987,0.0,19088651.635199998,"[1, 0, 0, 0, 0, 0, 0, 0, 0, 0, 0, 0, 0, 0, 1, 2, 2, 3, 3, 3, 3, 5, 5, 5, 0, 0, 0, 1, 2, 3, 3, 4, 5, 6, 7, 7, 0, 0, 1, 1, 2, 3, 3, 3, 5, 7, 8, 8, 0, 0, 1, 2, 2, 3, 3, 3]",112,6,1,98268.11903999999,16378.019839999999,1834338.22208,"[2, 0, 0, 0, 0, 0, 0, 0, 0, 0, 0, 0, 0, 0, 0, 0, 0, 0, 0, 0, 1, 1, 1, 1, 0, 0, 0, 1, 2, 2, 3, 3, 3, 5, 6, 5, 0, 0, 1, 1, 3, 3, 4, 4, 7, 9, 11, 10, 0, 0, 1, 2, 3, 5, 6, 6]",267,10,1,30786534.81728,892882.06464,16378.019839999999
2029-08-08,2029,8,57,5,30,1,0,340122.24000000005,0.0,10203667.200000001,"[1, 0, 0, 1, 0, 0, 0, 0, 1, 1, 1, 1, 0, 0, 0, 1, 1, 1, 1, 1, 1, 1, 1, 1, 0, 0, 0, 0, 0, 0, 1, 1, 1, 1, 1, 1, 0, 0, 0, 0, 0, 0, 1, 1, 1, 1, 1, 1, 0, 0, 0, 0, 0, 0, 1, 1, 1]",131,5,0,757486.1759999999,0.0,19846137.811199997,"[1, 0, 0, 0, 0, 0, 0, 0, 0, 0, 0, 0, 0, 0, 1, 2, 2, 3, 3, 3, 3, 5, 5, 5, 0, 0, 0, 1, 2, 3, 3, 4, 5, 6, 7, 7, 0, 0, 1, 1, 2, 3, 3, 3, 5, 7, 8, 8, 0, 0, 1, 2, 2, 3, 3, 3, 5]",119,8,1,131024.15871999999,16378.019839999999,1948984.36096,"[2, 0, 0, 0, 0, 0, 0, 0, 0, 0, 0, 0, 0, 0, 0, 0, 0, 0, 0, 0, 1, 1, 1, 1, 0, 0, 0, 1, 2, 2, 3, 3, 3, 5, 6, 5, 0, 0, 1, 1, 3, 3, 4, 4, 6, 9, 11, 10, 0, 0, 1, 2, 3, 5, 6, 6, 8]",280,14,1,31998789.372159995,1228632.57472,16378.019839999999
2029-09-07,2029,9,58,5,31,1,0,340122.24000000005,0.0,10543789.440000001,"[1, 0, 0, 1, 0, 0, 0, 0, 1, 1, 1, 1, 0, 0, 0, 1, 1, 1, 1, 1, 1, 1, 1, 1, 0, 0, 0, 0, 0, 0, 1, 1, 1, 1, 1, 1, 0, 0, 0, 0, 0, 0, 1, 1, 1, 1, 1, 1, 0, 0, 0, 0, 0, 0, 1, 1, 1, 1]",138,7,0,1060480.6463999997,0.0,20906618.457599998,"[1, 0, 0, 0, 0, 0, 0, 0, 0, 0, 0, 0, 0, 0, 1, 2, 2, 3, 3, 3, 3, 5, 5, 5, 0, 0, 0, 1, 2, 3, 3, 4, 5, 6, 7, 7, 0, 0, 1, 1, 2, 3, 3, 3, 5, 7, 8, 8, 0, 0, 1, 2, 2, 3, 3, 3, 5, 7]",129,12,2,196536.23807999998,32756.039679999998,2112764.55936,"[2, 0, 0, 0, 0, 0, 0, 0, 0, 0, 0, 0, 0, 0, 0, 0, 0, 0, 0, 0, 1, 1, 1, 1, 0, 0, 0, 1, 2, 2, 3, 3, 3, 4, 6, 5, 0, 0, 1, 1, 3, 3, 4, 4, 6, 8, 11, 10, 0, 0, 1, 2, 3, 5, 6, 6, 8, 12]",298,20,2,33563172.45696,1597139.1244799998,32756.039679999998
2029-10-07,2029,10,59,5,32,1,0,340122.24000000005,0.0,10883911.680000002,"[1, 0, 0, 1, 0, 0, 0, 0, 1, 1, 1, 1, 0, 0, 0, 1, 1, 1, 1, 1, 1, 1, 1, 1, 0, 0, 0, 0, 0, 0, 1, 1, 1, 1, 1, 1, 0, 0, 0, 0, 0, 0, 1, 1, 1, 1, 1, 1, 0, 0, 0, 0, 0, 0, 1, 1, 1, 1, 1]",146,8,0,1211977.8816,0.0,22118596.339199997,"[1, 0, 0, 0, 0, 0, 0, 0, 0, 0, 0, 0, 0, 0, 1, 2, 2, 3, 3, 3, 3, 5, 5, 5, 0, 0, 0, 1, 2, 3, 3, 4, 5, 6, 7, 7, 0, 0, 1, 1, 2, 3, 3, 3, 5, 7, 8, 8, 0, 0, 1, 2, 2, 3, 3, 3, 5, 7, 8]",140,14,3,229292.27776,49134.059519999995,2292922.7775999997,"[2, 0, 0, 0, 0, 0, 0, 0, 0, 0, 0, 0, 0, 0, 0, 0, 0, 0, 0, 0, 1, 1, 1, 1, 0, 0, 0, 1, 2, 2, 3, 3, 3, 4, 5, 5, 0, 0, 1, 1, 3, 3, 4, 4, 6, 8, 9, 10, 0, 0, 1, 2, 3, 5, 6, 6, 8, 12, 14]",318,23,3,35295430.796799995,1781392.39936,49134.059519999995
2029-11-06,2029,11,60,5,33,1,0,340122.24000000005,0.0,11224033.920000002,"[1, 0, 0, 1, 0, 0, 0, 0, 1, 1, 1, 1, 0, 0, 0, 1, 1, 1, 1, 1, 1, 1, 1, 1, 0, 0, 0, 0, 0, 0, 1, 1, 1, 1, 1, 1, 0, 0, 0, 0, 0, 0, 1, 1, 1, 1, 1, 1, 0, 0, 0, 0, 0, 0, 1, 1, 1, 1, 1, 1]",154,8,0,1211977.8816,0.0,23330574.220799997,"[1, 0, 0, 0, 0, 0, 0, 0, 0, 0, 0, 0, 0, 0, 1, 2, 2, 3, 3, 3, 3, 5, 5, 5, 0, 0, 0, 1, 2, 3, 3, 4, 5, 6, 7, 7, 0, 0, 1, 1, 2, 3, 3, 3, 5, 7, 8, 8, 0, 0, 1, 2, 2, 3, 3, 3, 5, 7, 8, 8]",150,13,3,212914.25791999997,49134.059519999995,2456702.9759999993,"[2, 0, 0, 0, 0, 0, 0, 0, 0, 0, 0, 0, 0, 0, 0, 0, 0, 0, 0, 0, 1, 1, 1, 1, 0, 0, 0, 1, 2, 2, 3, 3, 3, 4, 5, 4, 0, 0, 1, 1, 3, 3, 4, 4, 6, 8, 9, 8, 0, 0, 1, 2, 3, 5, 6, 6, 8, 12, 14, 13]",337,22,3,37011311.116799995,1765014.37952,49134.059519999995
2029-12-06,2029,12,61,6,33,0,0,0.0,0.0,12121956.633600004,"[1, 0, 0, 1, 0, 0, 0, 0, 1, 1, 1, 1, 0, 0, 0, 1, 1, 1, 1, 1, 1, 1, 1, 1, 0, 0, 0, 0, 0, 0, 1, 1, 1, 1, 1, 1, 0, 0, 0, 0, 0, 0, 1, 1, 1, 1, 1, 1, 0, 0, 0, 0, 0, 0, 1, 1, 1, 1, 1, 1, 0]",154,0,0,0.0,0.0,24730408.674048,"[1, 0, 0, 0, 0, 0, 0, 0, 0, 0, 0, 0, 0, 0, 1, 2, 2, 3, 3, 3, 3, 5, 5, 5, 0, 0, 0, 1, 2, 3, 3, 4, 5, 6, 7, 7, 0, 0, 1, 1, 2, 3, 3, 3, 5, 7, 8, 8, 0, 0, 1, 2, 2, 3, 3, 3, 5, 7, 8, 8, 0]",150,0,0,0.0,0.0,2554971.0950399996,"[2, 0, 0, 0, 0, 0, 0, 0, 0, 0, 0, 0, 0, 0, 0, 0, 0, 0, 0, 0, 1, 1, 1, 1, 0, 0, 0, 1, 2, 2, 3, 3, 3, 4, 5, 4, 0, 0, 1, 1, 3, 3, 4, 4, 6, 8, 9, 8, 0, 0, 1, 2, 3, 5, 6, 6, 8, 12, 14, 13, 0]",337,0,0,39407336.402688004,0.0,0.0
2030-01-05,2030,1,62,6,33,0,0,0.0,0.0,12121956.633600004,"[1, 0, 0, 1, 0, 0, 0, 0, 1, 1, 1, 1, 0, 0, 0, 1, 1, 1, 1, 1, 1, 1, 1, 1, 0, 0, 0, 0, 0, 0, 1, 1, 1, 1, 1, 1, 0, 0, 0, 0, 0, 0, 1, 1, 1, 1, 1, 1, 0, 0, 0, 0, 0, 0, 1, 1, 1, 1, 1, 1, 0, 0]",154,0,0,0.0,0.0,24730408.674048,"[1, 0, 0, 0, 0, 0, 0, 0, 0, 0, 0, 0, 0, 0, 1, 2, 2, 3, 3, 3, 3, 5, 5, 5, 0, 0, 0, 1, 2, 3, 3, 4, 5, 6, 7, 7, 0, 0, 1, 1, 2, 3, 3, 3, 5, 7, 8, 8, 0, 0, 1, 2, 2, 3, 3, 3, 5, 7, 8, 8, 0, 0]",151,1,0,17033.140633599996,0.0,2572004.2356735994,"[2, 0, 0, 0, 0, 0, 0, 0, 0, 0, 0, 0, 0, 0, 0, 0, 0, 0, 0, 0, 1, 1, 1, 1, 0, 0, 0, 1, 2, 2, 3, 3, 3, 4, 5, 4, 0, 0, 1, 1, 3, 3, 4, 4, 6, 8, 9, 8, 0, 0, 1, 2, 3, 5, 6, 6, 8, 12, 14, 13, 0, 1]",338,1,0,39424369.5433216,17033.140633599996,0.0
2030-02-04,2030,2,63,6,33,0,0,0.0,0.0,12121956.633600004,"[1, 0, 0, 1, 0, 0, 0, 0, 1, 1, 1, 1, 0, 0, 0, 1, 1, 1, 1, 1, 1, 1, 1, 1, 0, 0, 0, 0, 0, 0, 1, 1, 1, 1, 1, 1, 0, 0, 0, 0, 0, 0, 1, 1, 1, 1, 1, 1, 0, 0, 0, 0, 0, 0, 1, 1, 1, 1, 1, 1, 0, 0, 0]",155,1,0,160587.069312,0.0,24890995.743359998,"[1, 0, 0, 0, 0, 0, 0, 0, 0, 0, 0, 0, 0, 0, 1, 2, 2, 3, 3, 3, 3, 5, 5, 5, 0, 0, 0, 1, 2, 3, 3, 4, 5, 6, 7, 7, 0, 0, 1, 1, 2, 3, 3, 3, 5, 7, 8, 8, 0, 0, 1, 2, 2, 3, 3, 3, 5, 7, 8, 8, 0, 0, 1]",152,1,0,17033.140633599996,0.0,2589037.3763071992,"[2, 0, 0, 0, 0, 0, 0, 0, 0, 0, 0, 0, 0, 0, 0, 0, 0, 0, 0, 0, 1, 1, 1, 1, 0, 0, 0, 1, 2, 2, 3, 3, 3, 4, 5, 4, 0, 0, 1, 1, 3, 3, 4, 4, 6, 8, 9, 8, 0, 0, 1, 2, 3, 5, 6, 6, 8, 12, 14, 13, 0, 1, 1]",340,2,0,39601989.7532672,177620.2099456,0.0
2030-03-06,2030,3,64,6,33,0,0,0.0,0.0,12121956.633600004,"[1, 0, 0, 1, 0, 0, 0, 0, 1, 1, 1, 1, 0, 0, 0, 1, 1, 1, 1, 1, 1, 1, 1, 1, 0, 0, 0, 0, 0, 0, 1, 1, 1, 1, 1, 1, 0, 0, 0, 0, 0, 0, 1, 1, 1, 1, 1, 1, 0, 0, 0, 0, 0, 0, 1, 1, 1, 1, 1, 1, 0, 0, 0, 0]",155,1,1,160587.06931199998,160587.06931199998,24890995.743359998,"[1, 0, 0, 0, 0, 0, 0, 0, 0, 0, 0, 0, 0, 0, 1, 2, 2, 3, 3, 3, 3, 5, 5, 5, 0, 0, 0, 1, 2, 3, 3, 4, 5, 6, 7, 7, 0, 0, 1, 1, 2, 3, 3, 3, 5, 6, 8, 8, 0, 0, 1, 2, 2, 3, 3, 3, 5, 7, 8, 8, 0, 0, 1, 1]",155,3,0,51099.42190079999,0.0,2640136.798207999,"[2, 0, 0, 0, 0, 0, 0, 0, 0, 0, 0, 0, 0, 0, 0, 0, 0, 0, 0, 0, 1, 1, 1, 1, 0, 0, 0, 1, 2, 2, 3, 3, 3, 4, 5, 4, 0, 0, 1, 1, 3, 3, 4, 4, 6, 8, 9, 8, 0, 0, 1, 2, 3, 5, 6, 6, 8, 12, 14, 13, 0, 1, 1, 3]",343,4,1,39653089.175168,211686.49121279997,160587.06931199998
2030-04-05,2030,4,65,6,33,0,0,0.0,0.0,12121956.633600004,"[1, 0, 0, 1, 0, 0, 0, 0, 1, 1, 1, 1, 0, 0, 0, 1, 1, 1, 1, 1, 1, 1, 1, 1, 0, 0, 0, 0, 0, 0, 1, 1, 1, 1, 1, 1, 0, 0, 0, 0, 0, 0, 1, 1, 1, 1, 1, 1, 0, 0, 0, 0, 0, 0, 1, 1, 1, 1, 1, 1, 0, 0, 0, 0, 0]",156,2,1,321174.13862399996,160587.06931199998,25051582.812672,"[1, 0, 0, 0, 0, 0, 0, 0, 0, 0, 0, 0, 0, 0, 1, 2, 2, 3, 3, 3, 3, 5, 5, 5, 0, 0, 0, 1, 2, 3, 3, 4, 5, 6, 7, 7, 0, 0, 1, 1, 2, 3, 3, 3, 5, 6, 7, 8, 0, 0, 1, 2, 2, 3, 3, 3, 5, 7, 8, 8, 0, 0, 1, 1, 2]",159,4,0,68132.56253439999,0.0,2708269.360742399,"[2, 0, 0, 0, 0, 0, 0, 0, 0, 0, 0, 0, 0, 0, 0, 0, 0, 0, 0, 0, 1, 1, 1, 1, 0, 0, 0, 1, 2, 2, 3, 3, 3, 4, 5, 4, 0, 0, 1, 1, 3, 3, 4, 4, 6, 8, 9, 8, 0, 0, 1, 2, 3, 5, 6, 6, 8, 12, 14, 13, 0, 1, 1, 3, 4]",348,6,1,39881808.8070144,389306.7011583999,160587.06931199998
2030-05-05,2030,5,66,6,33,0,0,0.0,0.0,12121956.633600004,"[1, 0, 0, 1, 0, 0, 0, 0, 1, 1, 1, 1, 0, 0, 0, 1, 1, 1, 1, 1, 1, 1, 1, 1, 0, 0, 0, 0, 0, 0, 1, 1, 1, 1, 1, 1, 0, 0, 0, 0, 0, 0, 1, 1, 1, 1, 1, 1, 0, 0, 0, 0, 0, 0, 1, 1, 1, 1, 1, 1, 0, 0, 0, 0, 0, 0]",157,2,1,321174.138624,160587.069312,25212169.881984003,"[1, 0, 0, 0, 0, 0, 0, 0, 0, 0, 0, 0, 0, 0, 1, 2, 2, 3, 3, 3, 3, 5, 5, 5, 0, 0, 0, 1, 2, 3, 3, 4, 5, 6, 7, 7, 0, 0, 1, 1, 2, 3, 3, 3, 5, 6, 7, 7, 0, 0, 1, 2, 2, 3, 3, 3, 5, 7, 8, 8, 0, 0, 1, 1, 2, 2]",163,5,1,85165.70316799996,17033.140633599993,2776401.9232767993,"[2, 0, 0, 0, 0, 0, 0, 0, 0, 0, 0, 0, 0, 0, 0, 0, 0, 0, 0, 0, 1, 1, 1, 1, 0, 0, 0, 1, 2, 2, 3, 3, 3, 4, 5, 4, 0, 0, 1, 1, 3, 3, 4, 4, 6, 8, 9, 8, 0, 0, 1, 2, 3, 4, 6, 6, 8, 12, 14, 13, 0, 1, 1, 3, 4, 5]",353,7,2,40110528.438860804,406339.841792,177620.2099456
2030-06-04,2030,6,67,6,33,0,0,0.0,0.0,12121956.633600004,"[1, 0, 0, 1, 0, 0, 0, 0, 1, 1, 1, 1, 0, 0, 0, 1, 1, 1, 1, 1, 1, 1, 1, 1, 0, 0, 0, 0, 0, 0, 1, 1, 1, 1, 1, 1, 0, 0, 0, 0, 0, 0, 1, 1, 1, 1, 1, 1, 0, 0, 0, 0, 0, 0, 1, 1, 1, 1, 1, 1, 0, 0, 0, 0, 0, 0, 0]",159,2,0,321174.138624,0.0,25533344.020608004,"[1, 0, 0, 0, 0, 0, 0, 0, 0, 0, 0, 0, 0, 0, 1, 2, 2, 3, 3, 3, 3, 5, 5, 5, 0, 0, 0, 1, 2, 3, 3, 4, 5, 6, 7, 7, 0, 0, 1, 1, 2, 3, 3, 3, 5, 6, 7, 7, 0, 0, 1, 2, 2, 3, 3, 3, 5, 7, 8, 8, 0, 0, 1, 1, 2, 2, 2]",166,5,2,85165.70316799998,34066.28126719999,2827501.345177599,"[2, 0, 0, 0, 0, 0, 0, 0, 0, 0, 0, 0, 0, 0, 0, 0, 0, 0, 0, 0, 1, 1, 1, 1, 0, 0, 0, 1, 2, 2, 3, 3, 3, 4, 5, 4, 0, 0, 1, 1, 3, 3, 3, 4, 6, 8, 9, 8, 0, 0, 1, 2, 3, 4, 5, 6, 8, 12, 14, 13, 0, 1, 1, 3, 4, 5, 5]",358,7,2,40482801.9993856,406339.841792,34066.28126719999
2030-07-04,2030,7,68,6,34,1,0,367332.0192000001,0.0,12489288.652800005,"[1, 0, 0, 1, 0, 0, 0, 0, 1, 1, 1, 1, 0, 0, 0, 1, 1, 1, 1, 1, 1, 1, 1, 1, 0, 0, 0, 0, 0, 0, 1, 1, 1, 1, 1, 1, 0, 0, 0, 0, 0, 0, 1, 1, 1, 1, 1, 1, 0, 0, 0, 0, 0, 0, 1, 1, 1, 1, 1, 1, 0, 0, 0, 0, 0, 0, 0, 1]",161,2,0,321174.1386240001,0.0,25854518.159232005,"[1, 0, 0, 0, 0, 0, 0, 0, 0, 0, 0, 0, 0, 0, 1, 2, 2, 3, 3, 3, 3, 5, 5, 5, 0, 0, 0, 1, 2, 3, 3, 4, 5, 6, 7, 7, 0, 0, 1, 1, 2, 3, 3, 3, 5, 6, 7, 7, 0, 0, 1, 2, 2, 3, 3, 3, 5, 7, 8, 8, 0, 0, 1, 1, 2, 2, 2, 2]",170,6,2,102198.84380159999,34066.28126719999,2895633.907711999,"[2, 0, 0, 0, 0, 0, 0, 0, 0, 0, 0, 0, 0, 0, 0, 0, 0, 0, 0, 0, 1, 1, 1, 1, 0, 0, 0, 1, 2, 2, 3, 3, 3, 4, 5, 4, 0, 0, 1, 1, 3, 3, 3, 3, 6, 8, 9, 8, 0, 0, 1, 2, 3, 4, 5, 5, 8, 12, 14, 13, 0, 1, 1, 3, 4, 5, 5, 6]",365,9,2,41239440.71974401,790705.0016256,34066.28126719999
2030-08-03,2030,8,69,6,35,1,0,367332.01920000016,0.0,12856620.672000006,"[1, 0, 0, 1, 0, 0, 0, 0, 1, 1, 1, 1, 0, 0, 0, 1, 1, 1, 1, 1, 1, 1, 1, 1, 0, 0, 0, 0, 0, 0, 1, 1, 1, 1, 1, 1, 0, 0, 0, 0, 0, 0, 1, 1, 1, 1, 1, 1, 0, 0, 0, 0, 0, 0, 1, 1, 1, 1, 1, 1, 0, 0, 0, 0, 0, 0, 0, 1, 1]",164,3,0,481761.2079360001,0.0,26336279.367168006,"[1, 0, 0, 0, 0, 0, 0, 0, 0, 0, 0, 0, 0, 0, 1, 2, 2, 3, 3, 3, 3, 5, 5, 5, 0, 0, 0, 1, 2, 3, 3, 4, 5, 6, 7, 7, 0, 0, 1, 1, 2, 3, 3, 3, 5, 6, 7, 7, 0, 0, 1, 2, 2, 3, 3, 3, 5, 7, 8, 8, 0, 0, 1, 1, 2, 2, 2, 2, 3]",176,8,2,136265.12506879994,34066.281267199985,2997832.751513599,"[2, 0, 0, 0, 0, 0, 0, 0, 0, 0, 0, 0, 0, 0, 0, 0, 0, 0, 0, 0, 1, 1, 1, 1, 0, 0, 0, 1, 2, 2, 3, 3, 3, 4, 5, 4, 0, 0, 1, 1, 3, 3, 3, 3, 5, 8, 9, 8, 0, 0, 1, 2, 3, 4, 5, 5, 7, 12, 14, 13, 0, 1, 1, 3, 4, 5, 5, 6, 8]",375,12,2,42190732.790681615,985358.3522048002,34066.281267199985
2030-09-02,2030,9,70,6,36,1,0,367332.01920000016,0.0,13223952.691200007,"[1, 0, 0, 1, 0, 0, 0, 0, 1, 1, 1, 1, 0, 0, 0, 1, 1, 1, 1, 1, 1, 1, 1, 1, 0, 0, 0, 0, 0, 0, 1, 1, 1, 1, 1, 1, 0, 0, 0, 0, 0, 0, 1, 1, 1, 1, 1, 1, 0, 0, 0, 0, 0, 0, 1, 1, 1, 1, 1, 1, 0, 0, 0, 0, 0, 0, 0, 1, 1, 1]",167,4,1,642348.2772480001,160587.06931200004,26818040.575104006,"[1, 0, 0, 0, 0, 0, 0, 0, 0, 0, 0, 0, 0, 0, 1, 2, 2, 3, 3, 3, 3, 5, 5, 5, 0, 0, 0, 1, 2, 3, 3, 4, 5, 5, 7, 7, 0, 0, 1, 1, 2, 3, 3, 3, 5, 6, 7, 7, 0, 0, 1, 2, 2, 3, 3, 3, 5, 7, 8, 8, 0, 0, 1, 1, 2, 2, 2, 2, 3, 4]",183,11,4,187364.5469695999,68132.56253439997,3117064.735948799,"[2, 0, 0, 0, 0, 0, 0, 0, 0, 0, 0, 0, 0, 0, 0, 0, 0, 0, 0, 0, 1, 1, 1, 1, 0, 0, 0, 1, 2, 2, 3, 3, 3, 3, 5, 4, 0, 0, 1, 1, 3, 3, 3, 3, 5, 7, 9, 8, 0, 0, 1, 2, 3, 4, 5, 5, 7, 10, 14, 13, 0, 1, 1, 3, 4, 5, 5, 6, 8, 11]",386,16,5,43159058.00225282,1197044.8434176003,228719.6318464
2030-10-02,2030,10,71,6,37,1,0,367332.0192000002,0.0,13591284.710400008,"[1, 0, 0, 1, 0, 0, 0, 0, 1, 1, 1, 1, 0, 0, 0, 1, 1, 1, 1, 1, 1, 1, 1, 1, 0, 0, 0, 0, 0, 0, 1, 1, 1, 1, 1, 1, 0, 0, 0, 0, 0, 0, 1, 1, 1, 1, 1, 1, 0, 0, 0, 0, 0, 0, 1, 1, 1, 1, 1, 1, 0, 0, 0, 0, 0, 0, 0, 1, 1, 1, 1]",171,5,1,802935.3465600002,160587.06931200004,27460388.85235201,"[1, 0, 0, 0, 0, 0, 0, 0, 0, 0, 0, 0, 0, 0, 1, 2, 2, 3, 3, 3, 3, 5, 5, 5, 0, 0, 0, 1, 2, 3, 3, 4, 5, 5, 6, 7, 0, 0, 1, 1, 2, 3, 3, 3, 5, 6, 7, 7, 0, 0, 1, 2, 2, 3, 3, 3, 5, 7, 8, 8, 0, 0, 1, 1, 2, 2, 2, 2, 3, 4, 5]",193,14,4,238463.96887039996,68132.56253439999,3287396.1422847994,"[2, 0, 0, 0, 0, 0, 0, 0, 0, 0, 0, 0, 0, 0, 0, 0, 0, 0, 0, 0, 1, 1, 1, 1, 0, 0, 0, 1, 2, 2, 3, 3, 3, 3, 4, 4, 0, 0, 1, 1, 3, 3, 3, 3, 5, 7, 8, 8, 0, 0, 1, 2, 3, 4, 5, 5, 7, 10, 12, 13, 0, 1, 1, 3, 4, 5, 5, 6, 8, 11, 14]",401,20,5,44339069.70503682,1408731.3346304004,228719.63184640004
2030-11-01,2030,11,72,6,38,1,0,367332.0192000002,0.0,13958616.729600009,"[1, 0, 0, 1, 0, 0, 0, 0, 1, 1, 1, 1, 0, 0, 0, 1, 1, 1, 1, 1, 1, 1, 1, 1, 0, 0, 0, 0, 0, 0, 1, 1, 1, 1, 1, 1, 0, 0, 0, 0, 0, 0, 1, 1, 1, 1, 1, 1, 0, 0, 0, 0, 0, 0, 1, 1, 1, 1, 1, 1, 0, 0, 0, 0, 0, 0, 0, 1, 1, 1, 1, 1]",175,5,1,802935.3465600002,160587.06931200004,28102737.12960001,"[1, 0, 0, 0, 0, 0, 0, 0, 0, 0, 0, 0, 0, 0, 1, 2, 2, 3, 3, 3, 3, 5, 5, 5, 0, 0, 0, 1, 2, 3, 3, 4, 5, 5, 6, 6, 0, 0, 1, 1, 2, 3, 3, 3, 5, 6, 7, 7, 0, 0, 1, 2, 2, 3, 3, 3, 5, 7, 8, 8, 0, 0, 1, 1, 2, 2, 2, 2, 3, 4, 5, 5]",202,13,4,221430.82823679995,68132.56253439999,3440694.4079871997,"[2, 0, 0, 0, 0, 0, 0, 0, 0, 0, 0, 0, 0, 0, 0, 0, 0, 0, 0, 0, 1, 1, 1, 1, 0, 0, 0, 1, 2, 2, 3, 3, 3, 3, 4, 3, 0, 0, 1, 1, 3, 3, 3, 3, 5, 7, 8, 7, 0, 0, 1, 2, 3, 4, 5, 5, 7, 10, 12, 11, 0, 1, 1, 3, 4, 5, 5, 6, 8, 11, 14, 13]",415,19,5,45502048.267187215,1391698.1939968003,228719.63184640004
